category;title;fnacUrl;descSub;price;imgLink;review;reviewNumber
"Musique, CD, Vinyles";"Cold Fact";"https://www.fnac.com/a13565514/Sixto-Rodriguez-Cold-Fact-CD-album";"Sixto Rodriguez (Interprète) (CD album) fnac+ 5 ( 5 )";15;"https://static.fnac-static.com/multimedia/Images/FR/NR/cd/80/aa/11174093/1545-1/tsp20191216100113/Cold-Fact.jpg";"5";5
"Musique, CD, Vinyles";"N'attendons pas";"https://www.fnac.com/a15118122/Vianney-N-attendons-pas-CD-album";"Vianney (Interprète) (CD album) fnac+ 5 ( 230 )  Coups de cœur des disquaires ( 1 )";15.99;"https://static.fnac-static.com/multimedia/Images/FR/NR/be/8d/c1/12684734/1545-1/tsp20200921103143/N-attendons-pas.jpg";"5";230
"Musique, CD, Vinyles";"Mesdames";"https://www.fnac.com/a14869623/Grand-Corps-Malade-Mesdames-CD-album";"Grand Corps Malade (Interprète) (CD album) fnac+ 5 ( 365 )  Coups de cœur des disquaires ( 3 )";14.99;"https://static.fnac-static.com/multimedia/Images/FR/NR/d4/e8/bd/12445908/1545-1/tsp20200618142118/Mesdames.jpg";"5";365
"Musique, CD, Vinyles";"Coming From Reality";"https://www.fnac.com/a13565515/Sixto-Rodriguez-Coming-From-Reality-CD-album";"Sixto Rodriguez (Interprète) (CD album) fnac+ 5 ( 1 )";15;"https://static.fnac-static.com/multimedia/Images/FR/NR/ce/80/aa/11174094/1545-1/tsp20200326174208/Coming-From-Reality.jpg";"5";1
"Musique, CD, Vinyles";"Map Of The Soul : 7";"https://www.fnac.com/a13455842/BTS-Bangtan-Boys-Map-Of-The-Soul-7-CD-album";"BTS (Bangtan Boys) (Interprète) (CD album) fnac+ 5 ( 327 )  Coups de cœur des disquaires ( 1 )";29.99;"https://static.fnac-static.com/multimedia/Images/FR/NR/4f/e5/a8/11068751/1545-1/tsp20200214120116/Map-Of-The-Soul-7.jpg";"5";327
"Musique, CD, Vinyles";"All I Know So Far Setlist";"https://www.fnac.com/a15952780/Pink-All-I-Know-So-Far-Setlist-CD-album";"Pink (Interprète) (CD album) fnac+ 5 ( 3 )  Coups de cœur des disquaires ( 1 )";14.99;"https://static.fnac-static.com/multimedia/Images/FR/NR/d0/fe/cd/13500112/1545-1/tsp20210506132121/All-I-Know-So-Far-Setlist.jpg";"5";3
"Musique, CD, Vinyles";"Mesdames Vinyle Blanc";"https://www.fnac.com/a14869624/Grand-Corps-Malade-Mesdames-Vinyle-Blanc-Vinyle-album";"Grand Corps Malade (Interprète) (Vinyle album) fnac+ 5 ( 35 )  Coups de cœur des disquaires ( 2 )";19.99;"https://static.fnac-static.com/multimedia/Images/FR/NR/d5/e8/bd/12445909/1545-1/tsp20200619114122/Mesdames-Vinyle-Blanc.jpg";"5";35
"Musique, CD, Vinyles";"BE Edition Essentielle";"https://www.fnac.com/a15671433/BTS-Bangtan-Boys-BE-Edition-Essentielle-CD-album";"BTS (Bangtan Boys) (Interprète) (CD album) fnac+ 5 ( 24 )";30.99;"https://static.fnac-static.com/multimedia/Images/FR/NR/75/ec/c9/13233269/1545-1/tsp20210125103056/BE-Edition-Eentielle.jpg";"5";24
"Musique, CD, Vinyles";"Fortitude";"https://www.fnac.com/a15727173/Gojira-Fortitude-CD-album";"Gojira (Interprète) (CD album) fnac+ 5 ( 14 )  Coups de cœur des disquaires ( 2 )";16.99;"https://static.fnac-static.com/multimedia/Images/FR/NR/38/bb/ca/13286200/1545-1/tsp20210215141142/Fortitude.jpg";"5";14
"Musique, CD, Vinyles";"After Hours";"https://www.fnac.com/a13455865/The-Weeknd-After-Hours-Vinyle-album";"The Weeknd (Interprète) (Vinyle album) fnac+ 5 ( 4 )";26.99;"https://static.fnac-static.com/multimedia/Images/FR/NR/66/e5/a8/11068774/1545-1/tsp20200219113126/After-Hours.jpg";"5";4
"Musique, CD, Vinyles";"BE Edition Deluxe";"https://www.fnac.com/a15130638/BTS-Bangtan-Boys-BE-Edition-Deluxe-CD-album";"BTS (Bangtan Boys) (Interprète) (CD album) fnac+ 5 ( 285 )  Coups de cœur des disquaires ( 1 )";56.99;"https://static.fnac-static.com/multimedia/Images/FR/NR/7b/b8/c1/12695675/1545-1/tsp20201202100122/BE-Edition-Deluxe.jpg";"5";285
"Musique, CD, Vinyles";"Californian Soil";"https://www.fnac.com/a15165840/London-Grammar-Californian-Soil-CD-album";"London Grammar (Interprète) (CD album) Inclus un livret fnac+ 5 ( 18 )  Coups de cœur des disquaires ( 2 )";14.99;"https://static.fnac-static.com/multimedia/Images/FR/NR/20/40/c2/12730400/1545-1/tsp20201001141310/Californian-Soil.jpg";"5";18
"Musique, CD, Vinyles";"Love Yourself Answer Inclus un livret";"https://www.fnac.com/a12668786/BTS-Bangtan-Boys-Love-Yourself-Answer-Inclus-un-livret-CD-album";"BTS (Bangtan Boys) (Interprète) (CD album). 2 volumes fnac+ 5 ( 104 )";26.99;"https://static.fnac-static.com/multimedia/Images/FR/NR/1b/7a/9d/10320411/1545-1/tsp20180817084024/Love-Yourself-Answer-Inclus-un-livret.jpg";"5";104
"Musique, CD, Vinyles";"Bohemian Rhapsody Double Vinyle";"https://www.fnac.com/a13147156/Freddie-Mercury-Bohemian-Rhapsody-Double-Vinyle-Vinyle-album";"Freddie Mercury (Compositeur), Queen (Interprète) (Vinyle album). 2 volumes fnac+ 5 ( 50 )  Coups de cœur des disquaires ( 1 )";33;"https://static.fnac-static.com/multimedia/Images/FR/NR/f4/64/a4/10773748/1545-1/tsp20190116115202/Bohemian-Rhapsody-Double-Vinyle.jpg";"5";50
"Musique, CD, Vinyles";"Penso A Te";"https://www.fnac.com/a15231630/Claudio-Capeo-Penso-A-Te-CD-album";"Claudio Capéo (Interprète) (CD album) Inclus un livret de 30 pages fnac+ 5 ( 157 )  Coups de cœur des disquaires ( 1 )";15.99;"https://static.fnac-static.com/multimedia/Images/FR/NR/96/2c/c3/12790934/1545-1/tsp20201022154104/Penso-A-Te.jpg";"5";157
"Musique, CD, Vinyles";"aimée";"https://www.fnac.com/a14961644/Julien-Dore-aimee-CD-album";"Julien Doré (Interprète) (CD album) Inclus un livret 20 pages fnac+ 5 ( 162 )  Coups de cœur des disquaires ( 2 )";15.99;"https://static.fnac-static.com/multimedia/Images/FR/NR/dd/43/bf/12534749/1545-1/tsp20201120104048/aimee.jpg";"5";162
"Musique, CD, Vinyles";"Ici-Bas";"https://www.fnac.com/a15772362/Gerard-Lanvin-Ici-Bas-CD-album";"Gérard Lanvin (Interprète) (CD album) fnac+ 5 ( 10 )";15.99;"https://static.fnac-static.com/multimedia/Images/FR/NR/f3/61/cb/13328883/1545-1/tsp20210409162233/Ici-Bas.jpg";"5";10
"Musique, CD, Vinyles";"Adios Bahamas";"https://www.fnac.com/a14186845/Nepal-Adios-Bahamas-Vinyle-album";"Népal (Interprète) (Vinyle album) fnac+ 5 ( 24 )  Coups de cœur des disquaires ( 1 )";19.99;"https://static.fnac-static.com/multimedia/Images/FR/NR/e4/36/b3/11744996/1545-1/tsp20200720084205/Adios-Bahamas.jpg";"5";24
"Musique, CD, Vinyles";"La Direction";"https://www.fnac.com/a15890260/Sofiane-La-Direction-CD-album";"Sofiane (Interprète) (CD album) fnac+ 5 ( 2 )  Coups de cœur des disquaires ( 1 )";12.99;"https://static.fnac-static.com/multimedia/Images/FR/NR/5d/1a/cd/13441629/1545-1/tsp20210423165303/La-Direction.jpg";"5";2
"Musique, CD, Vinyles";"The Dark Side Of The Moon";"https://www.fnac.com/a3684985/Pink-Floyd-The-Dark-Side-Of-The-Moon-Vinyle-album";"Pink Floyd (Interprète) (Vinyle album) fnac+ 5 ( 36 )  Coups de cœur des disquaires ( 1 )";20.99;"https://static.fnac-static.com/multimedia/Images/FR/NR/e2/e5/33/3401186/1545-1/tsp20161004140815/The-dark-side-of-the-moon-Remasterise.jpg";"5";36
"Jeux vidéo, Consoles";"Console Nintendo Switch avec paire de Joy-Con Rouge et Bleu Neon V2";"https://www.fnac.com/Console-Nintendo-Switch-avec-paire-de-Joy-Con-Rouge-et-Bleu-Neon-V2/a13721295/w-4";"Console de jeux - Nintendo fnac+ 5 ( 971 )";299.99;"https://static.fnac-static.com/multimedia/Images/FR/MDM/b9/de/bc/12377785/1545-1/tsp20210304153944/Console-Nintendo-Switch-avec-paire-de-Joy-Con-Rouge-et-Bleu-Neon-V2.jpg";"5";971
"Jeux vidéo, Consoles";"Casque de réalité virtuelle Oculus Quest 2 64 Go Blanc";"https://jeux-video.fnac.com/Casque-de-realite-virtuelle-Oculus-Quest-2-64-Go-Blanc/a15093141/w-4";"Accessoire console de jeux - Oculus fnac+ 5 ( 212 )";349.99;"https://static.fnac-static.com/multimedia/Images/FR/MDM/06/60/ec/15491078/1545-1/tsp20210526180856/Casque-de-realite-virtuelle-Oculus-Quest-2-64-Go-Blanc.jpg";"5";212
"Jeux vidéo, Consoles";"Code de téléchargement Sony PlayStation Plus: 12 Mois d'abonnement";"https://www.fnac.com/a11826357/Code-de-telechargement-Sony-PlayStation-Plus-12-Mois-d-abonnement-Code-de-telechargement-PlayStation/w-4";"";44.99;"https://static.fnac-static.com/multimedia/Images/FR/NR/32/b2/93/9679410/1545-1/tsp20210423182304/Code-de-telechargement-Sony-PlayStation-Plus-12-Mois-d-abonnement.jpg";"";
"Jeux vidéo, Consoles";"Animal Crossing New Horizons Nintendo Switch";"https://jeux-video.fnac.com/a12500543/Animal-Crossing-New-Horizons-Nintendo-Switch-Jeu-Nintendo-Switch";"";44.99;"https://static.fnac-static.com/multimedia/Images/FR/NR/7f/5b/9b/10181503/1545-1/tsp20200107094226/Animal-Croing-New-Horizons-Nintendo-Switch.jpg";"";
"Jeux vidéo, Consoles";"Super Mario 3D World + Bowser's Fury Nintendo Switch";"https://jeux-video.fnac.com/a13568539/Super-Mario-3D-World-Bowser-s-Fury-Nintendo-Switch-Jeu-Nintendo-Switch";"";45.99;"https://static.fnac-static.com/multimedia/Images/FR/NR/ee/8b/aa/11176942/1545-1/tsp20210114174616/Super-Mario-3D-World-Bowser-s-Fury-Nintendo-Switch.jpg";"";
"Jeux vidéo, Consoles";"Mario Kart 8 Deluxe Nintendo Switch";"https://jeux-video.fnac.com/a10337751/Mario-Kart-8-Deluxe-Nintendo-Switch-Jeu-Nintendo-Switch";"";49.99;"https://static.fnac-static.com/multimedia/Images/FR/NR/00/4a/82/8538624/1545-1/tsp20170113080050/Mario-Kart-8-Deluxe-Nintendo-Switch.jpg";"";
"Jeux vidéo, Consoles";"Miitopia Nintendo Switch";"https://jeux-video.fnac.com/a15493339/Miitopia-Nintendo-Switch-Jeu-Nintendo-Switch";"";39.99;"https://static.fnac-static.com/multimedia/Images/FR/NR/a4/53/c7/13063076/1545-1/tsp20210219111110/Miitopia-Nintendo-Switch.jpg";"";
"Jeux vidéo, Consoles";"Ring Fit Adventure Nintendo Switch";"https://jeux-video.fnac.com/a13568535/Ring-Fit-Adventure-Nintendo-Switch-Jeu-Nintendo-Switch";"";76.99;"https://static.fnac-static.com/multimedia/Images/FR/NR/ea/8b/aa/11176938/1545-1/tsp20190916161331/Ring-Fit-Adventure-Nintendo-Switch.jpg";"";
"Jeux vidéo, Consoles";"Amiibo Zelda et Célestrier";"https://jeux-video.fnac.com/a13499949/Amiibo-Zelda-et-Celestrier-Objet-derive-Nintendo-Switch";"";29.99;"https://static.fnac-static.com/multimedia/Images/FR/NR/8c/8e/a9/11112076/1545-1/tsp20210601092109/Amiibo-Zelda-et-Celestrier.jpg";"";
"Jeux vidéo, Consoles";"Console portable Nintendo Switch Lite Bleue";"https://www.fnac.com/Console-portable-Nintendo-Switch-Lite-Bleue/a15620622/w-4";"Console de jeux - Nintendo fnac+ 5 ( 5 )";199.99;"https://static.fnac-static.com/multimedia/Images/FR/MDM/95/ea/f6/16181909/1545-1/tsp20210414180334/Console-portable-Nintendo-Switch-Lite-Bleue.jpg";"5";5
"Jeux vidéo, Consoles";"The Legend of Zelda : Breath of the Wild Nintendo Switch";"https://jeux-video.fnac.com/a10337749/The-Legend-of-Zelda-Breath-of-the-Wild-Nintendo-Switch-Jeu-Nintendo-Switch";"";54.99;"https://static.fnac-static.com/multimedia/Images/FR/NR/fd/49/82/8538621/1545-1/tsp20170113080050/The-Legend-of-Zelda-Breath-of-the-Wild-Nintendo-Switch.jpg";"";
"Jeux vidéo, Consoles";"Console portable Nintendo Switch Lite Turquoise";"https://jeux-video.fnac.com/Console-portable-Nintendo-Switch-Lite-Turquoise/a13566304/w-4";"Console de jeux - Nintendo fnac+ 5 ( 200 )";199.99;"https://static.fnac-static.com/multimedia/Images/FR/MDM/a0/73/b6/11957152/1545-1/tsp20210413210511/Console-portable-Nintendo-Switch-Lite-Turquoise.jpg";"5";200
"Jeux vidéo, Consoles";"Console Nintendo Switch Edition Limitée Monster Hunter Rise";"https://www.fnac.com/Console-Nintendo-Switch-Edition-Limitee-Monster-Hunter-Rise/a15620627/w-4";"Console de jeux - Nintendo fnac+ 5 ( 29 )";369.99;"https://static.fnac-static.com/multimedia/Images/FR/MDM/9a/ea/f6/16181914/1545-1/tsp20210603103101/Console-Nintendo-Switch-Edition-Limitee-Monster-Hunter-Rise.jpg";"5";29
"Jeux vidéo, Consoles";"It Takes Two PS4";"https://jeux-video.fnac.com/a13568441/It-Takes-Two-PS4-Jeu-PlayStation-4";"";29.99;"https://static.fnac-static.com/multimedia/Images/FR/NR/8c/8b/aa/11176844/1545-1/tsp20201215132236/PRE-REF-E3-2019-ACTIVISION-1.jpg";"";
"Jeux vidéo, Consoles";"Super Mario Odyssey Nintendo Switch";"https://jeux-video.fnac.com/a10798367/Super-Mario-Odyssey-Nintendo-Switch-Jeu-Nintendo-Switch";"";44.99;"https://static.fnac-static.com/multimedia/Images/FR/NR/03/4a/82/8538627/1545-1/tsp20171207112418/Super-Mario-Odyey-Nintendo-Switch.jpg";"";
"Jeux vidéo, Consoles";"Console Nintendo Switch avec une paire de Joy-Con Gris";"https://www.fnac.com/Console-Nintendo-Switch-avec-une-paire-de-Joy-Con-Gris/a13721296/w-4";"Console de jeux - Nintendo 5 ( 364 )";329.99;"https://static.fnac-static.com/multimedia/Images/FR/MDM/ba/de/bc/12377786/1545-1/tsp20200921130819/Console-Nintendo-Switch-avec-une-paire-de-Joy-Con-Gris.jpg";"5";364
"Jeux vidéo, Consoles";"Pack Console Nintendo Switch Lite Corail + Animal Crossing : New Horizon + 3 mois d’abonnement Nintendo Switch Online";"https://jeux-video.fnac.com/Pack-Console-Nintendo-Switch-Lite-Corail-Animal-Crossing-New-Horizon-3-mois-d-abonnement-Nintendo-Switch-Online/a13568586/w-4";"Console portable - Nintendo fnac+ 5 ( 36 )";249.99;"https://static.fnac-static.com/multimedia/Images/FR/MDM/d5/a4/f1/15836373/1545-1/tsp20210113152035/Pack-Console-Nintendo-Switch-Lite-Corail-Animal-Croing-New-Horizon-3-mois-d-abonnement-Nintendo-Switch-Online.jpg";"5";36
"Jeux vidéo, Consoles";"Super Smash Bros Ultimate Nintendo Switch";"https://jeux-video.fnac.com/a12979269/Super-Smash-Bros-Ultimate-Nintendo-Switch-Jeu-Nintendo-Switch";"";52.99;"https://static.fnac-static.com/multimedia/Images/FR/NR/bf/f5/8d/9303487/1545-1/tsp20180628155759/Super-Smash-Bros-Ultimate-Nintendo-Switch.jpg";"";
"Jeux vidéo, Consoles";"Console portable Nintendo Switch Lite Corail";"https://jeux-video.fnac.com/Console-portable-Nintendo-Switch-Lite-Corail/a10522655/w-4";"Console de jeux - Nintendo fnac+ 5 ( 64 )";199.99;"https://static.fnac-static.com/multimedia/Images/FR/MDM/1f/ba/1b/1817119/1545-1/tsp20210309110416/Console-portable-Nintendo-Switch-Lite-Corail.jpg";"5";64
"Jeux vidéo, Consoles";"Station de rechargement sans fil Sony DualSense pour PS5 Noir et blanc";"https://www.fnac.com/Station-de-rechargement-sans-fil-Sony-DualSense-pour-PS5-Noir-et-blanc/a14840009/w-4";"Accessoire console de jeux - Sony fnac+ 5 ( 67 )";29.99;"https://static.fnac-static.com/multimedia/Images/FR/MDM/37/2d/e7/15150391/1545-1/tsp20201113150943/Station-de-rechargement-sans-fil-Sony-DualSense-pour-PS5-Noir-et-blanc.jpg";"5";67
"Enfants, Jouets, Bébés";"Jeu de cartes Blackrock Games Skyjo";"https://www.fnac.com/Jeu-de-cartes-Blackrock-Games-Skyjo/a13877783/w-4";"Jeu de cartes - Blackrock Games fnac+ 5 ( 165 )  Coups de cœur des vendeurs ( 3 )";14.99;"https://static.fnac-static.com/multimedia/Images/FR/MDM/ef/84/c5/12944623/1545-1/tsp20210319190804/Jeu-de-cartes-Blackrock-Games-Skyjo.jpg";"5";165
"Enfants, Jouets, Bébés";"Figurine Funko Pop Naruto Shippuden Kakashi 9 cm";"https://www.fnac.com/Figurine-Funko-Pop-Naruto-Shippuden-Kakashi-9-cm/a10424756/w-4";"Petite figurine - Funko fnac+ 5 ( 20 )";14.99;"https://static.fnac-static.com/multimedia/Images/FR/NR/3a/e3/83/8643386/1545-1/tsp20170310172814/Figurine-Funko-Pop-Naruto-Shippuden-Kakashi-9-cm.jpg";"5";20
"Enfants, Jouets, Bébés";"Jeu d'ambiance Iello Codenames";"https://www.fnac.com/Jeu-d-ambiance-Iello-Codenames/a9570105/w-4";"Autre jeu de société - Iello fnac+ 5 ( 347 )  Coups de cœur des vendeurs ( 3 )";19.99;"https://static.fnac-static.com/multimedia/Images/FR/NR/c1/b8/78/7911617/1545-1/tsp20160826112220/Codenames-Iello.jpg";"5";347
"Enfants, Jouets, Bébés";"Jeu de cartes Yu-gi-oh! Booster Les Anciens Gardiens";"https://www.fnac.com/Jeu-de-cartes-Yu-gi-oh-Booster-Les-Anciens-Gardiens/a15661248/w-4";"Jeu de cartes - Yu-gi-oh! fnac+ 5 ( 1 )";4.99;"https://static.fnac-static.com/multimedia/Images/FR/MDM/d2/91/f7/16224722/1545-1/tsp20210603112019/Jeu-de-cartes-Yu-gi-oh-Booster-Les-Anciens-Gardiens.jpg";"5";1
"Enfants, Jouets, Bébés";"Casque audio pour conteuse Lunii Octave";"https://www.fnac.com/Casque-audio-pour-conteuse-Lunii-Octave/a12961726/w-4";"Jouet multimédia - Lunii 5 ( 53 )";19.99;"https://static.fnac-static.com/multimedia/Images/FR/MDM/79/6e/a9/11103865/1545-1/tsp20210527172052/Casque-audio-pour-conteuse-Lunii-Octave.jpg";"5";53
"Enfants, Jouets, Bébés";"Jeu d'ambiance Gigamic Six qui prend!";"https://www.fnac.com/Jeu-d-ambiance-Gigamic-Six-qui-prend/a13199985/w-4";"Jeu d’ambiance - Gigamic fnac+ 5 ( 342 )  Coups de cœur des vendeurs ( 3 )";13.99;"https://static.fnac-static.com/multimedia/Images/FR/MDM/ea/2e/38/3682026/1545-1/tsp20201008175622/Jeu-d-ambiance-Gigamic-Six-qui-prend.jpg";"5";342
"Enfants, Jouets, Bébés";"Figurine Funko Pop Animation Naruto Minato Namikaze";"https://www.fnac.com/Figurine-Funko-Pop-Animation-Naruto-Minato-Namikaze/a14946815/w-4";"Petite figurine - Funko fnac+ 5 ( 13 )";14.99;"https://static.fnac-static.com/multimedia/Images/FR/MDM/59/e3/e8/15262553/1545-1/tsp20210603101401/Figurine-Funko-Pop-Animation-Naruto-Minato-Namikaze.jpg";"5";13
"Enfants, Jouets, Bébés";"Conteuse Lunii Ma fabrique à histoires Made in France";"https://www.fnac.com/Conteuse-Lunii-Ma-fabrique-a-histoires-Made-in-France/a14952776/w-4";"Jouet multimédia - Lunii fnac+ 5 ( 91 )  Coups de cœur des vendeurs ( 2 )";59.99;"https://static.fnac-static.com/multimedia/Images/FR/MDM/e1/e6/e8/15263457/1545-1/tsp20210518180453/Conteuse-Lunii-Ma-fabrique-a-histoires-Made-in-France.jpg";"5";91
"Enfants, Jouets, Bébés";"LEGO® Friends 21319 Central Perk";"https://www.fnac.com/LEGO-Friends-21319-Central-Perk/a13411410/w-4";"Lego - Lego Ideas 5 ( 48 )  Coups de cœur des vendeurs ( 1 )";53.99;"https://static.fnac-static.com/multimedia/Images/FR/MDM/de/51/ab/11227614/1545-1/tsp20210518175425/LEGO-Friends-21319-Central-Perk.jpg";"5";48
"Enfants, Jouets, Bébés";"Figurine Funko Pop Star Wars Darth Vader";"https://www.fnac.com/Figurine-Funko-Pop-Star-Wars-Darth-Vader/a12597550/w-4";"Petite figurine - Star Wars fnac+ 5 ( 3 )";14.99;"https://static.fnac-static.com/multimedia/Images/FR/MDM/cf/ee/81/8515279/1545-1/tsp20210416121207/Figurine-Funko-Pop-Star-Wars-Darth-Vader.jpg";"5";3
"Enfants, Jouets, Bébés";"Jeu de cartes Pokémon Mini Tin 4.5 Modèle aléatoire";"https://www.fnac.com/Jeu-de-cartes-Pokemon-Mini-Tin-4-5-Modele-aleatoire/a15196345/w-4";"Jeu de cartes - Pokémon 5 ( 6 )";11.99;"https://static.fnac-static.com/multimedia/Images/FR/MDM/0e/0b/f0/15731470/1545-1/tsp20210603102038/Jeu-de-cartes-Pokemon-Mini-Tin-4-5-Modele-aleatoire.jpg";"5";6
"Enfants, Jouets, Bébés";"Coffret Pokémon Pikachu 4.5 4 Boosters";"https://www.fnac.com/Coffret-Pokemon-Pikachu-4-5-4-Boosters/a15196340/w-4";"Jeu de cartes - Pokémon 5 ( 3 )";24.99;"https://static.fnac-static.com/multimedia/Images/FR/MDM/09/0b/f0/15731465/1545-1/tsp20210603102038/Coffret-Pokemon-Pikachu-4-5-4-Boosters.jpg";"5";3
"Enfants, Jouets, Bébés";"Jeu d'ambiance Gigamic Mito";"https://www.fnac.com/Jeu-d-ambiance-Gigamic-Mito/a4792713/w-4";"Jeu d’ambiance - Gigamic fnac+ 5 ( 96 )  Coups de cœur des vendeurs ( 3 )";11.99;"https://static.fnac-static.com/multimedia/Images/FR/MDM/58/3f/38/3686232/1545-1/tsp20201002211909/Jeu-d-ambiance-Gigamic-Mito.jpg";"5";96
"Enfants, Jouets, Bébés";"Figurine Funko Pop Games Fortnite S2 Drift";"https://www.fnac.com/Figurine-Funko-Pop-Games-Fortnite-S2-Drift/a13020642/w-4";"Petite figurine - Funko fnac+ 5 ( 56 )";14.99;"https://static.fnac-static.com/multimedia/Images/FR/MDM/21/44/97/9913377/1545-1/tsp20191128141350/Figurine-Funko-Pop-Games-Fortnite-S2-Drift.jpg";"5";56
"Enfants, Jouets, Bébés";"Figurine Funko Pop Disney Stitch";"https://www.fnac.com/Figurine-Funko-Pop-Disney-Stitch/a14946828/w-4";"Petite figurine - Funko fnac+ 5 ( 3 )";14.99;"https://static.fnac-static.com/multimedia/Images/FR/MDM/77/51/86/8802679/1545-1.jpg";"5";3
"Enfants, Jouets, Bébés";"Figurine Funko Pop Animation My Hero Academia S4 Hitoshi Shinso";"https://www.fnac.com/Figurine-Funko-Pop-Animation-My-Hero-Academia-S4-Hitoshi-Shinso/a14946823/w-4";"Petite figurine - Funko 5 ( 1 )";16.99;"https://static.fnac-static.com/multimedia/Images/FR/MDM/62/e3/e8/15262562/1545-1/tsp20210416121207/Figurine-Funko-Pop-Animation-My-Hero-Academia-S4-Hitoshi-Shinso.jpg";"5";1
"Enfants, Jouets, Bébés";"Jeu de stratégie Asmodée Azul";"https://www.fnac.com/Jeu-de-strategie-Asmodee-Azul/a14232820/w-4";"Jeu de stratégie - Asmodee 5 ( 89 )  Coups de cœur des vendeurs ( 3 )";39.99;"https://static.fnac-static.com/multimedia/Images/FR/MDM/f2/77/d7/14120946/1545-1/tsp20201231101345/Jeu-de-strategie-Asmodee-Azul.jpg";"5";89
"Enfants, Jouets, Bébés";"Figurine Funko Pop Games Pokemon S1 Pikachu";"https://www.fnac.com/Figurine-Funko-Pop-Games-Pokemon-S1-Pikachu/a14935512/w-4";"Petite figurine - Funko fnac+ 5 ( 43 )";14.99;"https://static.fnac-static.com/multimedia/Images/FR/MDM/35/a5/e8/15246645/1545-1/tsp20210125130155/Figurine-Funko-Pop-Games-Pokemon-S1-Pikachu.jpg";"5";43
"Enfants, Jouets, Bébés";"Jeu d'imagination Asmodée Dixit";"https://www.fnac.com/Jeu-d-imagination-Asmodee-Dixit/a7332801/w-4";"Jeu de cartes - Asmodee fnac+ 5 ( 200 )  Coups de cœur des vendeurs ( 3 )";29.99;"https://static.fnac-static.com/multimedia/Images/FR/MDM/88/6b/38/3697544/1545-1/tsp20210518175216/Jeu-d-imagination-Asmodee-Dixit.jpg";"5";200
"Enfants, Jouets, Bébés";"Figurine Funko Pop Ndeg07 Tennis Legends Rafael Nadal";"https://www.fnac.com/Figurine-Funko-Pop-Ndeg07-Tennis-Legends-Rafael-Nadal/a14993737/w-4";"Petite figurine - Funko fnac+ 5 ( 1 )";14.99;"https://static.fnac-static.com/multimedia/Images/FR/MDM/d9/66/ea/15361753/1545-1.jpg";"5";1
"Informatique, Tablettes";"PC Ultra-Portable Acer Swift 5 SF514-55T-71NL 14" Ecran tactile Intel Core i7 16 Go RAM 512 Go SSD Vert";"https://www.fnac.com/PC-Ultra-Portable-Acer-Swift-5-SF514-55T-71NL-14-Ecran-tactile-Intel-Core-i7-16-Go-RAM-512-Go-SSD-Vert/a15100923/w-4";"PC Portable - Acer fnac+ 5 ( 10 )";999.99;"https://static.fnac-static.com/multimedia/Images/FR/MDM/d6/2b/ed/15543254/1545-1/tsp20210602130431/PC-Ultra-Portable-Acer-Swift-5-SF514-55T-71NL-14-Ecran-tactile-Intel-Core-i7-16-Go-RAM-512-Go-D-Vert.jpg";"5";10
"Informatique, Tablettes";"PC Ultra-Portable Acer Aspire 5 A514-54-55U5 14" Intel Core i5 16 Go RAM 512 Go SSD Gris";"https://www.fnac.com/PC-Ultra-Portable-Acer-Aspire-5-A514-54-55U5-14-Intel-Core-i5-16-Go-RAM-512-Go-SSD-Gris/a15732091/w-4";"PC Portable - Acer fnac+ 5 ( 1 ) 5 Labo Fnac";759.99;"https://static.fnac-static.com/multimedia/Images/FR/MDM/9e/b3/f6/16167838/1545-1.jpg";"5";1
"Informatique, Tablettes";"PC Hybride Microsoft Surface Pro 7 12.3" Intel Core i7 16 Go RAM 512 Go SSD Platine";"https://www.fnac.com/PC-Hybride-Microsoft-Surface-Pro-7-12-3-Intel-Core-i7-16-Go-RAM-512-Go-SSD-Platine/a13796654/w-4";"PC Portable - Microsoft fnac+ 5 ( 5 ) 5 Labo Fnac";1695.99;"https://static.fnac-static.com/multimedia/Images/FR/MDM/d7/12/c1/12653271/1545-1/tsp20210603114453/PC-Hybride-Microsoft-Surface-Pro-7-12-3-Intel-Core-i7-16-Go-RAM-512-Go-D-Platine.jpg";"5";5
"Informatique, Tablettes";"PC Ultra-Portable Lenovo Yoga 7 14ITL5 14" Ecran tactile Intel Core i7 16 Go RAM 1 To SSD Gris";"https://www.fnac.com/PC-Ultra-Portable-Lenovo-Yoga-7-14ITL5-14-Ecran-tactile-Intel-Core-i7-16-Go-RAM-1-To-SSD-Gris/a15032060/w-4";"PC Portable - Lenovo fnac+ 5 ( 1 )";1349.99;"https://static.fnac-static.com/multimedia/Images/FR/MDM/a7/62/ea/15360679/1545-1/tsp20210603152806/PC-Ultra-Portable-Lenovo-Yoga-7-14ITL5-14-Ecran-tactile-Intel-Core-i7-16-Go-RAM-1-To-D-Gris.jpg";"5";1
"Informatique, Tablettes";"PC Ultra-Portable Asus ZenBook 13 UX325EA-KG315T 13,3" OLED avec NumPad Intel Core i7 16 Go RAM 512 Go SSD Brume lilas Exclusivité";"https://www.fnac.com/PC-Ultra-Portable-Asus-ZenBook-13-UX325EA-KG315T-13-3-OLED-avec-NumPad-Intel-Core-i7-16-Go-RAM-512-Go-SSD-Brume-lilas-Exclusivite/a15578067/w-4";"PC Portable - Asus 5 ( 1 )";;"https://static.fnac-static.com/multimedia/Images/FR/MDM/1f/4b/f6/16141087/1545-1/tsp20210603114453/PC-Ultra-Portable-Asus-ZenBook-13-UX325EA-KG315T-13-3-OLED-avec-NumPad-Intel-Core-i7-16-Go-RAM-512-Go-D-Brume-lilas-Exclusivite.jpg";"5";1
"Informatique, Tablettes";"PC Ultra-Portable HP Elite Dragonfly 9VZ73EA 13,3" Ecran tactile Intel Core i7 8 Go RAM 512 Go SSD Bleu libellule";"https://www.fnac.com/PC-Ultra-Portable-HP-Elite-Dragonfly-9VZ73EA-13-3-Ecran-tactile-Intel-Core-i7-8-Go-RAM-512-Go-SSD-Bleu-libellule/a14959586/w-4";"PC Portable - HP fnac+ 5 ( 2 )";1164.99;"https://static.fnac-static.com/multimedia/Images/FR/MDM/a9/f7/e8/15267753/1545-1/tsp20210531134041/PC-Ultra-Portable-HP-Elite-Dragonfly-9VZ73EA-13-3-Ecran-tactile-Intel-Core-i7-8-Go-RAM-512-Go-D-Bleu-libellule.jpg";"5";2
"Informatique, Tablettes";"PC Hybride Microsoft Surface Pro X 13" Microsoft® SQ2™ 16 Go RAM 512 Go SSD 4G+ Platine";"https://www.fnac.com/PC-Hybride-Microsoft-Surface-Pro-X-13-Microsoft-SQ2-16-Go-RAM-512-Go-SSD-4G-Platine/a15115562/w-4";"PC Portable - Microsoft fnac+ 5 ( 2 )";1639.99;"https://static.fnac-static.com/multimedia/Images/FR/MDM/ac/1f/ee/15605676/1545-1/tsp20210531134602/PC-Hybride-Microsoft-Surface-Pro-X-13-Microsoft-SQ2-16-Go-RAM-512-Go-D-4G-Platine.jpg";"5";2
"Informatique, Tablettes";"PC Portable Dell Inspiron 13 7306 2 en 1 13.3" Ecran tactile Intel Core i7 16 Go RAM 512 Go SSD Argent platine";"https://www.fnac.com/PC-Portable-Dell-Inspiron-13-7306-2-en-1-13-3-Ecran-tactile-Intel-Core-i7-16-Go-RAM-512-Go-SSD-Argent-platine/a15510602/w-4";"PC Portable - Dell fnac+ 5 ( 1 )";1109.99;"https://static.fnac-static.com/multimedia/Images/FR/MDM/68/31/f2/15872360/1545-1/tsp20210603152806/PC-Portable-Dell-Inspiron-13-7306-2-en-1-13-3-Ecran-tactile-Intel-Core-i7-16-Go-RAM-512-Go-D-Argent-platine.jpg";"5";1
"Informatique, Tablettes";"PC Hybride Microsoft Surface Pro X 13" Microsoft® SQ2™ 16 Go RAM 256 Go SSD 4G+ Noir";"https://www.fnac.com/PC-Hybride-Microsoft-Surface-Pro-X-13-Microsoft-SQ2-16-Go-RAM-256-Go-SSD-4G-Noir/a15115566/w-4";"PC Portable - Microsoft fnac+ 5 ( 4 )";1335.99;"https://static.fnac-static.com/multimedia/Images/FR/MDM/b0/1f/ee/15605680/1545-1/tsp20210531134602/PC-Hybride-Microsoft-Surface-Pro-X-13-Microsoft-SQ2-16-Go-RAM-256-Go-D-4G-Noir.jpg";"5";4
"Informatique, Tablettes";"PC Ultra-portable Lenovo Yoga S730-13IML 13.3" Intel Core i5 8 Go RAM 1 To SSD Gris";"https://www.fnac.com/PC-Ultra-portable-Lenovo-Yoga-S730-13IML-13-3-Intel-Core-i5-8-Go-RAM-1-To-SSD-Gris/a13815402/w-4";"PC Portable - Lenovo fnac+ 5 ( 2 )";;"https://static.fnac-static.com/multimedia/Images/FR/MDM/ef/66/c2/12740335/1545-1/tsp20210531132443/PC-Ultra-portable-Lenovo-Yoga-S730-13IML-13-3-Intel-Core-i5-8-Go-RAM-1-To-D-Gris.jpg";"5";2
"Informatique, Tablettes";"PC Ultra-Portable Lenovo Yoga Slim7 14ITL05 14" Ecran tactile Intel Core i7 16 Go RAM 1 To SSD Gris";"https://www.fnac.com/PC-Ultra-Portable-Lenovo-Yoga-Slim7-14ITL05-14-Ecran-tactile-Intel-Core-i7-16-Go-RAM-1-To-SSD-Gris/a15003380/w-4";"PC Portable - Lenovo fnac+ 4.5 ( 8 )";;"https://static.fnac-static.com/multimedia/Images/FR/MDM/0a/d7/e9/15324938/1545-1/tsp20210531134041/PC-Ultra-Portable-Lenovo-Yoga-Slim7-14ITL05-14-Ecran-tactile-Intel-Core-i7-16-Go-RAM-1-To-D-Gris.jpg";"4.5";8
"Informatique, Tablettes";"Pack PC Hybride Microsoft Surface Pro 7 12.3" Intel Core i5 8 Go RAM 256 Go SSD Platine + Clavier Microsoft Type Cover pour Surface Pro Noir + Souris Microsoft Surface Mobile Platine + Stylet Microsoft Surface Pen Platine";"https://www.fnac.com/Pack-PC-Hybride-Microsoft-Surface-Pro-7-12-3-Intel-Core-i5-8-Go-RAM-256-Go-SSD-Platine-Clavier-Microsoft-Type-Cover-pour-Surface-Pro-Noir-Souris-Microsoft-Surface-Mobile-Platine-Stylet-Microsoft-Surface-Pen-Platine/a14855206/w-4";"PC Portable - Microsoft fnac+ 4.5 ( 163 )";1299.99;"https://static.fnac-static.com/multimedia/Images/FR/MDM/53/75/e7/15168851/1545-1/tsp20210531133526/Pack-PC-Hybride-Microsoft-Surface-Pro-7-12-3-Intel-Core-i5-8-Go-RAM-256-Go-D-Platine-Clavier-Microsoft-Type-Cover-pour-Surface-Pro-Noir-Souris-Microsoft-Surface-Mobile-Platine-Stylet-Microsoft-Surface-Pen-Platine.jpg";"4.5";163
"Informatique, Tablettes";"PC Ultra-Portable Asus UX425JA-HM320T 14" Intel Core i5 8 Go RAM 256 Go SSD Gris";"https://www.fnac.com/PC-Ultra-Portable-Asus-UX425JA-HM320T-14-Intel-Core-i5-8-Go-RAM-256-Go-SSD-Gris/a15578083/w-4";"PC Portable - Asus fnac+ 4 ( 15 )";799.99;"https://static.fnac-static.com/multimedia/Images/FR/MDM/2f/4b/f6/16141103/1545-1/tsp20210531135554/PC-Ultra-Portable-Asus-UX425JA-HM320T-14-Intel-Core-i5-8-Go-RAM-256-Go-D-Gris.jpg";"4";15
"Informatique, Tablettes";"Pack PC Ultra Portable HP 14s-dq2027nf 14" Intel Core i3 8 Go RAM 256 Go SSD Gris + Housse HP 14" Gris + Souris sans fil HP + Microsoft Office 365";"https://www.fnac.com/Pack-PC-Ultra-Portable-HP-14s-dq2027nf-14-Intel-Core-i3-8-Go-RAM-256-Go-SSD-Gris-Housse-HP-14-Gris-Souris-sans-fil-HP-Microsoft-Office-365/a15606544/w-4";"PC Portable - HP fnac+ 4.5 ( 7 )";499.99;"https://static.fnac-static.com/multimedia/Images/FR/MDM/6e/d2/f6/16175726/1545-1/tsp20210603145513/Pack-PC-Ultra-Portable-HP-14s-dq2027nf-14-Intel-Core-i3-8-Go-RAM-256-Go-D-Gris-Houe-HP-14-Gris-Souris-sans-fil-HP-Microsoft-Office-365.jpg";"4.5";7
"Informatique, Tablettes";"PC Ultra-Portable Lenovo Yoga SLim7 14ARE05 14" AMD Ryzen 5 4500U 8 Go RAM 256 Go SSD Gris Exclusivité";"https://www.fnac.com/PC-Ultra-Portable-Lenovo-Yoga-SLim7-14ARE05-14-AMD-Ryzen-5-4500U-8-Go-RAM-256-Go-SSD-Gris-Exclusivite/a14625378/w-4";"PC Portable - Lenovo fnac+ 4.5 ( 109 ) 5 Labo Fnac";679.99;"https://static.fnac-static.com/multimedia/Images/FR/MDM/43/8a/e2/14846531/1545-1/tsp20210531133010/PC-Ultra-Portable-Lenovo-Yoga-SLim7-14ARE05-14-AMD-Ryzen-5-4500U-8-Go-RAM-256-Go-D-Gris-Exclusivite.jpg";"4.5";109
"Informatique, Tablettes";"PC Ultra Portable Asus S415JA-EK128T 14" Intel Core i5 8 Go RAM 256 Go SSD Gris";"https://www.fnac.com/PC-Ultra-Portable-Asus-S415JA-EK128T-14-Intel-Core-i5-8-Go-RAM-256-Go-SSD-Gris/a15581613/w-4";"PC Portable - Asus fnac+ 4.5 ( 7 )";599.99;"https://static.fnac-static.com/multimedia/Images/FR/MDM/37/50/f6/16142391/1545-1/tsp20210531135554/PC-Ultra-Portable-Asus-S415JA-EK128T-14-Intel-Core-i5-8-Go-RAM-256-Go-D-Gris.jpg";"4.5";7
"Informatique, Tablettes";"PC Hybride Microsoft Surface Pro 7 12.3" Intel Core i7 16 Go RAM 256 Go SSD Platine";"https://www.fnac.com/PC-Hybride-Microsoft-Surface-Pro-7-12-3-Intel-Core-i7-16-Go-RAM-256-Go-SSD-Platine/a13796643/w-4";"PC Portable - Microsoft fnac+ 4.5 ( 6 ) 5 Labo Fnac";1335.99;"https://static.fnac-static.com/multimedia/Images/FR/MDM/cb/12/c1/12653259/1545-1/tsp20210603114453/PC-Hybride-Microsoft-Surface-Pro-7-12-3-Intel-Core-i7-16-Go-RAM-256-Go-D-Platine.jpg";"4.5";6
"Informatique, Tablettes";"PC Ultra-Portable Microsoft Surface Laptop Go 12.4" Intel Core i5 8 Go RAM 128 Go SSD Or";"https://www.fnac.com/PC-Ultra-Portable-Microsoft-Surface-Laptop-Go-12-4-Intel-Core-i5-8-Go-RAM-128-Go-SSD-Or/a15115556/w-4";"PC Portable - Microsoft fnac+ 4.5 ( 17 )";699.99;"https://static.fnac-static.com/multimedia/Images/FR/MDM/a6/1f/ee/15605670/1545-1/tsp20210531134602/PC-Ultra-Portable-Microsoft-Surface-Laptop-Go-12-4-Intel-Core-i5-8-Go-RAM-128-Go-D-Or.jpg";"4.5";17
"Informatique, Tablettes";"PC Hybride Microsoft Surface Pro 7 12.3" Intel Core i7 16 Go RAM 512 Go SSD Noir";"https://www.fnac.com/PC-Hybride-Microsoft-Surface-Pro-7-12-3-Intel-Core-i7-16-Go-RAM-512-Go-SSD-Noir/a13796664/w-4";"PC Portable - Microsoft fnac+ 4.5 ( 7 ) 5 Labo Fnac";1695.99;"https://static.fnac-static.com/multimedia/Images/FR/MDM/dd/12/c1/12653277/1545-1/tsp20210531132443/PC-Hybride-Microsoft-Surface-Pro-7-12-3-Intel-Core-i7-16-Go-RAM-512-Go-D-Noir.jpg";"4.5";7
"Informatique, Tablettes";"PC Hybride Microsoft Surface Pro 7 12.3" Intel Core i5 8 Go RAM 128 Go SSD Platine";"https://www.fnac.com/PC-Hybride-Microsoft-Surface-Pro-7-12-3-Intel-Core-i5-8-Go-RAM-128-Go-SSD-Platine/a13796647/w-4";"PC Portable - Microsoft fnac+ 4.5 ( 18 ) 5 Labo Fnac";855.99;"https://static.fnac-static.com/multimedia/Images/FR/MDM/d2/12/c1/12653266/1545-1/tsp20210603114453/PC-Hybride-Microsoft-Surface-Pro-7-12-3-Intel-Core-i5-8-Go-RAM-128-Go-D-Platine.jpg";"4.5";18
"Smartphones & Objets connectés";"Apple iPhone 12 6,1" 128 Go Double SIM 5G Bleu";"https://www.fnac.com/Apple-iPhone-12-6-1-128-Go-Double-SIM-5G-Bleu/a13746008/w-4";"Smartphone - Apple 5 ( 61 ) 5 Labo Fnac";899;"https://static.fnac-static.com/multimedia/Images/FR/MDM/6a/b2/bd/12431978/1545-1/tsp20210518180957/Apple-iPhone-12-6-1-128-Go-Double-SIM-5G-Bleu.jpg";"5";61
"Smartphones & Objets connectés";"Apple iPhone 12 6,1" 64 Go Double SIM 5G Noir";"https://www.fnac.com/Apple-iPhone-12-6-1-64-Go-Double-SIM-5G-Noir/a13746095/w-4";"Smartphone - Apple 5 ( 48 ) 5 Labo Fnac";849;"https://static.fnac-static.com/multimedia/Images/FR/MDM/c2/b2/bd/12432066/1545-1/tsp20210518180957/Apple-iPhone-12-6-1-64-Go-Double-SIM-5G-Noir.jpg";"5";48
"Smartphones & Objets connectés";"Smartphone Samsung Galaxy S21 Ultra 6,8" 128 Go 5G Double SIM Argent";"https://www.fnac.com/Smartphone-Samsung-Galaxy-S21-Ultra-6-8-128-Go-5G-Double-SIM-Argent/a15584922/w-4";"Smartphone - Samsung fnac+ 5 ( 1 ) 5 Labo Fnac";1259;"https://static.fnac-static.com/multimedia/Images/FR/MDM/15/5e/f6/16145941/1545-1/tsp20210216100846/Smartphone-Samsung-Galaxy-S21-Ultra-6-8-128-Go-5G-Double-SIM-Argent.jpg";"5";1
"Smartphones & Objets connectés";"Smartphone Samsung Galaxy S21 Ultra 6,8" 256 Go 5G Double SIM Argent";"https://www.fnac.com/Smartphone-Samsung-Galaxy-S21-Ultra-6-8-256-Go-5G-Double-SIM-Argent/a15584919/w-4";"Smartphone - Samsung fnac+ 5 ( 4 ) 5 Labo Fnac";1309;"https://static.fnac-static.com/multimedia/Images/FR/MDM/12/5e/f6/16145938/1545-1/tsp20210216100846/Smartphone-Samsung-Galaxy-S21-Ultra-6-8-256-Go-5G-Double-SIM-Argent.jpg";"5";4
"Smartphones & Objets connectés";"Smartphone Samsung Galaxy S21 6,2" 256 Go 5G Double SIM Violet";"https://www.fnac.com/Smartphone-Samsung-Galaxy-S21-6-2-256-Go-5G-Double-SIM-Violet/a15584899/w-4";"Smartphone - Samsung fnac+ 5 ( 5 ) 5 Labo Fnac";909;"https://static.fnac-static.com/multimedia/Images/FR/MDM/63/59/f6/16144739/1545-1/tsp20210216100846/Smartphone-Samsung-Galaxy-S21-6-2-256-Go-5G-Double-SIM-Violet.jpg";"5";5
"Smartphones & Objets connectés";"Smartphone Samsung Galaxy S21 6,2" 256 Go 5G Double SIM Rose";"https://www.fnac.com/Smartphone-Samsung-Galaxy-S21-6-2-256-Go-5G-Double-SIM-Rose/a15584904/w-4";"Smartphone - Samsung fnac+ 5 ( 1 ) 5 Labo Fnac";909;"https://static.fnac-static.com/multimedia/Images/FR/MDM/68/59/f6/16144744/1545-1/tsp20210216100846/Smartphone-Samsung-Galaxy-S21-6-2-256-Go-5G-Double-SIM-Rose.jpg";"5";1
"Smartphones & Objets connectés";"Apple iPhone 12 6,1" 128 Go Double SIM 5G (PRODUCT) RED";"https://www.fnac.com/Apple-iPhone-12-6-1-128-Go-Double-SIM-5G-PRODUCT-RED/a13745981/w-4";"Smartphone - Apple fnac+ 5 ( 10 ) 5 Labo Fnac";899;"https://static.fnac-static.com/multimedia/Images/FR/MDM/50/b2/bd/12431952/1545-1/tsp20210518180957/Apple-iPhone-12-6-1-128-Go-Double-SIM-5G-PRODUCT-RED.jpg";"5";10
"Smartphones & Objets connectés";"Pack Smartphone Xiaomi Mi 10T Pro 6,67" Double SIM 256 Go 5G Gris lunaire + Imprimante Photo Portable Xiaomi Mi Blanc + Papier photo Xiaomi pour imprimante photo portable";"https://www.fnac.com/Pack-Smartphone-Xiaomi-Mi-10T-Pro-6-67-Double-SIM-256-Go-5G-Gris-lunaire-Imprimante-Photo-Portable-Xiaomi-Mi-Blanc-Papier-photo-Xiaomi-pour-imprimante-photo-portable/a15749480/w-4";"Smartphone - Xiaomi fnac+ 5 ( 5 ) 5 Labo Fnac";519;"https://static.fnac-static.com/multimedia/Images/FR/MDM/b1/3f/f9/16334769/1545-1/tsp20210603103415/Pack-Smartphone-Xiaomi-Mi-10T-Pro-6-67-Double-SIM-256-Go-5G-Gris-lunaire-Imprimante-Photo-Portable-Xiaomi-Mi-Blanc-Papier-photo-Xiaomi-pour-imprimante-photo-portable.jpg";"5";5
"Smartphones & Objets connectés";"Apple iPhone 12 mini 5,4" 128 Go Double SIM 5G Mauve";"https://www.fnac.com/Apple-iPhone-12-mini-5-4-128-Go-Double-SIM-5G-Mauve/a13618477/w-4";"Smartphone - Apple 5 ( 2 ) 5 Labo Fnac";799;"https://static.fnac-static.com/multimedia/Images/FR/MDM/a4/53/b8/12080036/1545-1/tsp20210423180714/Apple-iPhone-12-mini-5-4-128-Go-Double-SIM-5G-Mauve.jpg";"5";2
"Smartphones & Objets connectés";"Apple iPhone 12 6,1" 128 Go Double SIM 5G Mauve";"https://www.fnac.com/Apple-iPhone-12-6-1-128-Go-Double-SIM-5G-Mauve/a13618425/w-4";"Smartphone - Apple 5 ( 7 ) 5 Labo Fnac";899;"https://static.fnac-static.com/multimedia/Images/FR/MDM/71/53/b8/12079985/1545-1/tsp20210423180714/Apple-iPhone-12-6-1-128-Go-Double-SIM-5G-Mauve.jpg";"5";7
"Smartphones & Objets connectés";"Smartphone Oppo Find X3 Pro 6.7" Double SIM 256 Go 5G Noir";"https://www.fnac.com/Smartphone-Oppo-Find-X3-Pro-6-7-Double-SIM-256-Go-5G-Noir/a15753413/w-4";"Smartphone - OPPO fnac+ 5 ( 4 )";1149;"https://static.fnac-static.com/multimedia/Images/FR/MDM/85/7f/f9/16351109/1545-1/tsp20210603103415/Smartphone-Oppo-Find-X3-Pro-6-7-Double-SIM-256-Go-5G-Noir.jpg";"5";4
"Smartphones & Objets connectés";"Pack Smartphone Xiaomi Redmi Note 9T 6.53" Double SIM 128 Go 5G Noir + Coque transparente + Bracelet connecté Xiaomi Mi Smart Band 4 Noir";"https://www.fnac.com/Pack-Smartphone-Xiaomi-Redmi-Note-9T-6-53-Double-SIM-128-Go-5G-Noir-Coque-transparente-Bracelet-connecte-Xiaomi-Mi-Smart-Band-4-Noir/a15831293/w-4";"Smartphone - Xiaomi fnac+ 5 ( 1 )";239;"https://static.fnac-static.com/multimedia/Images/FR/MDM/8f/5b/fd/16604047/1545-1/tsp20210526170929/Pack-Smartphone-Xiaomi-Redmi-Note-9T-6-53-Double-SIM-128-Go-5G-Noir-Coque-transparente-Bracelet-connecte-Xiaomi-Mi-Smart-Band-4-Noir.jpg";"5";1
"Smartphones & Objets connectés";"Apple iPhone 12 6,1" 256 Go Double SIM 5G (PRODUCT) RED";"https://www.fnac.com/Apple-iPhone-12-6-1-256-Go-Double-SIM-5G-PRODUCT-RED/a13746045/w-4";"Smartphone - Apple fnac+ 5 ( 4 ) 5 Labo Fnac";1019;"https://static.fnac-static.com/multimedia/Images/FR/MDM/93/b2/bd/12432019/1545-1/tsp20210518180957/Apple-iPhone-12-6-1-256-Go-Double-SIM-5G-PRODUCT-RED.jpg";"5";4
"Smartphones & Objets connectés";"Apple iPhone 12 6,1" 64 Go Double SIM 5G Vert";"https://www.fnac.com/Apple-iPhone-12-6-1-64-Go-Double-SIM-5G-Vert/a13745985/w-4";"Smartphone - Apple 5 ( 7 ) 5 Labo Fnac";849;"https://static.fnac-static.com/multimedia/Images/FR/MDM/4f/b2/bd/12431951/1545-1/tsp20210518180957/Apple-iPhone-12-6-1-64-Go-Double-SIM-5G-Vert.jpg";"5";7
"Smartphones & Objets connectés";"Smartphone Xiaomi Mi 10T Pro 6.67" Double SIM 5G 256 Go Bleu Exclusivité";"https://www.fnac.com/Smartphone-Xiaomi-Mi-10T-Pro-6-67-Double-SIM-5G-256-Go-Bleu-Exclusivite/a15179168/w-4";"Smartphone - Xiaomi fnac+ 5 ( 25 ) 5 Labo Fnac";519;"https://static.fnac-static.com/multimedia/Images/FR/MDM/0e/74/ef/15692814/1545-1/tsp20210305181437/Smartphone-Xiaomi-Mi-10T-Pro-6-67-Double-SIM-5G-256-Go-Bleu-Exclusivite.jpg";"5";25
"Smartphones & Objets connectés";"Smartphone Oppo Find X3 Pro 6.7" Double SIM 256 Go 5G Bleu";"https://www.fnac.com/Smartphone-Oppo-Find-X3-Pro-6-7-Double-SIM-256-Go-5G-Bleu/a15753415/w-4";"Smartphone - OPPO fnac+ 5 ( 1 )";1149;"https://static.fnac-static.com/multimedia/Images/FR/MDM/87/7f/f9/16351111/1545-1/tsp20210603103415/Smartphone-Oppo-Find-X3-Pro-6-7-Double-SIM-256-Go-5G-Bleu.jpg";"5";1
"Smartphones & Objets connectés";"Smartphone Samsung Galaxy S20FE 6.5" Double SIM 5G 128 Go Blanc";"https://www.fnac.com/Smartphone-Samsung-Galaxy-S20FE-6-5-Double-SIM-5G-128-Go-Blanc/a15095702/w-4";"Smartphone - Samsung fnac+ 5 ( 12 ) 5 Labo Fnac";599;"https://static.fnac-static.com/multimedia/Images/FR/MDM/72/83/ec/15500146/1545-1/tsp20210602180537/Smartphone-Samsung-Galaxy-S20FE-6-5-Double-SIM-5G-128-Go-Blanc.jpg";"5";12
"Smartphones & Objets connectés";"Smartphone Xiaomi Redmi Note 9S 6,67" Double SIM 128 Go Bleu";"https://www.fnac.com/Smartphone-Xiaomi-Redmi-Note-9S-6-67-Double-SIM-128-Go-Bleu/a15616824/w-4";"Smartphone - Xiaomi fnac+ 5 ( 22 ) 4 Labo Fnac";199;"https://static.fnac-static.com/multimedia/Images/FR/MDM/03/b4/eb/15447043/1545-1/tsp20210408101155/Smartphone-Xiaomi-Redmi-Note-9S-6-67-Double-SIM-128-Go-Bleu.jpg";"5";22
"Smartphones & Objets connectés";"Smartphone Samsung Galaxy A21s 6.5" Double SIM 128 Go Noir Prisme";"https://www.fnac.com/Smartphone-Samsung-Galaxy-A21s-6-5-Double-SIM-128-Go-Noir-Prisme/a15724051/w-4";"Smartphone - Samsung fnac+ 5 ( 4 ) 3 Labo Fnac";219;"https://static.fnac-static.com/multimedia/Images/FR/MDM/3b/19/f9/16324923/1545-1/tsp20210520170416/Smartphone-Samsung-Galaxy-A21s-6-5-Double-SIM-128-Go-Noir-Prisme.jpg";"5";4
"Smartphones & Objets connectés";"Smartphone Oppo A74 6,5" Double SIM 128 Go 5G Argent";"https://www.fnac.com/Smartphone-Oppo-A74-6-5-Double-SIM-128-Go-5G-Argent/a15835631/w-4";"Smartphone - OPPO fnac+ 5 ( 1 )";279;"https://static.fnac-static.com/multimedia/Images/FR/MDM/4e/77/fd/16611150/1545-1/tsp20210326110957/Smartphone-Oppo-A74-6-5-Double-SIM-128-Go-5G-Argent.jpg";"5";1
"Photo, Caméras, Tirages photo";"Drone Dji Air 2S Fly More Combo Gris";"https://www.fnac.com/Drone-Dji-Air-2S-Fly-More-Combo-Gris/a15835651/w-4";"Drone photo vidéo - Dji fnac+ 5 ( 14 )";1299.99;"https://static.fnac-static.com/multimedia/Images/FR/MDM/5d/77/fd/16611165/1545-1/tsp20210603103604/Drone-Dji-Air-2S-Fly-More-Combo-Gris.jpg";"5";14
"Photo, Caméras, Tirages photo";"Appareil Photo Hybride Canon EOS R5 Noir";"https://www.fnac.com/Appareil-Photo-Hybride-Canon-EOS-R5-Noir/a14913336/w-4";"Appareil photo hybride - Canon fnac+ 5 ( 7 )";4499;"https://static.fnac-static.com/multimedia/Images/FR/MDM/9c/23/e8/15213468/1545-1/tsp20210606080959/Appareil-Photo-Hybride-Canon-EOS-R5-Noir.jpg";"5";7
"Photo, Caméras, Tirages photo";"Appareil photo Hybride Sony Alpha A7S Mark III Boîtier Nu Noir";"https://www.fnac.com/Appareil-photo-Hybride-Sony-Alpha-A7S-Mark-III-Boitier-Nu-Noir/a14995955/w-4";"Appareil photo hybride - Sony fnac+ 5 ( 1 )";4199;"https://static.fnac-static.com/multimedia/Images/FR/MDM/1b/c4/e9/15320091/1545-1/tsp20210606080959/Appareil-photo-Hybride-Sony-Alpha-A7S-Mark-III-Boitier-Nu-Noir.jpg";"5";1
"Photo, Caméras, Tirages photo";"Drone DJI Mavic Mini 2 Fly More Combo Blanc";"https://www.fnac.com/Drone-DJI-Mavic-Mini-2-Fly-More-Combo-Blanc/a15244279/w-4";"Drone photo vidéo - Dji fnac+ 5 ( 106 )";599.99;"https://static.fnac-static.com/multimedia/Images/FR/MDM/71/98/f0/15767665/1545-1/tsp20210505134906/Drone-DJI-Mavic-Mini-2-Fly-More-Combo-Blanc.jpg";"5";106
"Photo, Caméras, Tirages photo";"Objectif Hybride Canon RF 100-500mm f/4.5-7.1 L IS USM";"https://www.fnac.com/Objectif-Hybride-Canon-RF-100-500mm-f-4-5-7-1-L-IS-USM/a14913348/w-4";"Zoom - Canon 5 ( 2 )";3099;"https://static.fnac-static.com/multimedia/Images/FR/MDM/a8/23/e8/15213480/1545-1/tsp20210519173659/Objectif-Hybride-Canon-RF-100-500mm-f-4-5-7-1-L-IS-USM.jpg";"5";2
"Photo, Caméras, Tirages photo";"Pack Appareil Photo Hybride Canon EOS R6 Noir + Objectif Canon RF 24-105mm F4-7.1 IS STM Noir";"https://www.fnac.com/Pack-Appareil-Photo-Hybride-Canon-EOS-R6-Noir-Objectif-Canon-RF-24-105mm-F4-7-1-IS-STM-Noir/a14913345/w-4";"Appareil photo hybride - Canon fnac+ 5 ( 1 ) 4 Labo Fnac";3059;"https://static.fnac-static.com/multimedia/Images/FR/MDM/a5/23/e8/15213477/1545-1/tsp20210606080959/Pack-Appareil-Photo-Hybride-Canon-EOS-R6-Noir-Objectif-Canon-RF-24-105mm-F4-7-1-IS-STM-Noir.jpg";"5";1
"Photo, Caméras, Tirages photo";"Appareil photo Hybride Moyen Format Fujifilm GFX 100S Boitier nu Noir";"https://www.fnac.com/Appareil-photo-Hybride-Moyen-Format-Fujifilm-GFX-100S-Boitier-nu-Noir/a15679749/w-4";"Appareil photo hybride - Fuji fnac+ 5 ( 1 )";5999;"https://static.fnac-static.com/multimedia/Images/FR/MDM/c1/d3/f7/16241601/1545-1/tsp20210520110641/Appareil-photo-Hybride-Moyen-Format-Fujifilm-GFX-100S-Boitier-nu-Noir.jpg";"5";1
"Photo, Caméras, Tirages photo";"Objectif Hybride NIKON Z 70-200 f/2.8 S VR";"https://www.fnac.com/Objectif-Hybride-NIKON-Z-70-200-f-2-8-S-VR/a14097519/w-4";"Zoom - Nikon fnac+ 5 ( 1 )";2599;"https://static.fnac-static.com/multimedia/Images/FR/MDM/b2/a0/d3/13869234/1545-1/tsp20210519173151/Objectif-Hybride-NIKON-Z-70-200-f-2-8-S-VR.jpg";"5";1
"Photo, Caméras, Tirages photo";"Appareil photo reflex Canon EOS 6D Mark II noir + EF 24-105mm f/3.5-5.6 IS STM";"https://www.fnac.com/Appareil-photo-reflex-Canon-EOS-6D-Mark-II-noir-EF-24-105mm-f-3-5-5-6-IS-STM/a10801346/w-4";"Appareil photo reflex - Canon fnac+ 5 ( 15 )";1699;"https://static.fnac-static.com/multimedia/Images/FR/NR/3e/e4/87/8905790/1545-1/tsp20170629120524/Reflex-Canon-EOS-6D-Mark-II-Noir-Objectif-EF-24-105-mm-f-3-5-5-6-IS-STM.jpg";"5";15
"Photo, Caméras, Tirages photo";"Drone DJI Mavic Mini 2 Blanc";"https://www.fnac.com/Drone-DJI-Mavic-Mini-2-Blanc/a15244277/w-4";"Drone photo vidéo - Dji fnac+ 5 ( 17 )";459.99;"https://static.fnac-static.com/multimedia/Images/FR/MDM/6f/98/f0/15767663/1545-1/tsp20210303175131/Drone-DJI-Mavic-Mini-2-Blanc.jpg";"5";17
"Photo, Caméras, Tirages photo";"Appareil Photo compact FUJIFILM X100 V Argent";"https://www.fnac.com/Appareil-Photo-compact-FUJIFILM-X100-V-Argent/a14180015/w-4";"Appareil photo compact - Fuji fnac+ 5 ( 15 ) 5 Labo Fnac";1399;"https://static.fnac-static.com/multimedia/Images/FR/MDM/b4/52/d6/14045876/1545-1/tsp20210519173322/Appareil-Photo-compact-FUJIFILM-X100-V-Argent.jpg";"5";15
"Photo, Caméras, Tirages photo";"Reflex Canon EOS 5D Mark IV Boîtier Nu";"https://www.fnac.com/Reflex-Canon-EOS-5D-Mark-IV-Boitier-Nu/a13279079/w-4";"Appareil photo reflex - Canon 5 ( 76 )";2599;"https://static.fnac-static.com/multimedia/Images/FR/NR/a9/c5/7e/8308137/1545-1/tsp20170823155609/Reflex-Canon-EOS-5D-Mark-IV-Boitier-Nu.jpg";"5";76
"Photo, Caméras, Tirages photo";"Objectif hybride Fujifilm XF 50-140 mm f/2.8 R OIS WR";"https://www.fnac.com/Objectif-hybride-Fujifilm-XF-50-140-mm-f-2-8-R-OIS-WR/a7714504/w-4";"Zoom - Fujifilm fnac+ 5 ( 13 )";1059;"https://static.fnac-static.com/multimedia/Images/FR/NR/e4/e8/5f/6285540/1545-1/tsp20160405150639/Objectif-hybride-Fujifilm-XF-50-140-mm-f-2-8-R-OIS-WR.jpg";"5";13
"Photo, Caméras, Tirages photo";"Appareil photo Hybride Nikon Z7II boitier nu noir";"https://www.fnac.com/Appareil-photo-Hybride-Nikon-Z7II-boitier-nu-noir/a15196285/w-4";"Appareil photo hybride - Nikon fnac+ 5 ( 1 )";3199;"https://static.fnac-static.com/multimedia/Images/FR/MDM/c5/0a/f0/15731397/1545-1/tsp20210604180524/Appareil-photo-Hybride-Nikon-Z7II-boitier-nu-noir.jpg";"5";1
"Photo, Caméras, Tirages photo";"Drone DJI Mavic Air 2 Fly More Combo";"https://www.fnac.com/Drone-DJI-Mavic-Air-2-Fly-More-Combo/a14712257/w-4";"Drone photo vidéo - Dji 5 ( 87 )";1049.99;"https://static.fnac-static.com/multimedia/Images/FR/MDM/2a/9e/e4/14982698/1545-1/tsp20210518174437/Drone-DJI-Mavic-Air-2-Fly-More-Combo.jpg";"5";87
"Photo, Caméras, Tirages photo";"Objectif Hybride Canon RF 70-200mm f/2.8 L IS USM";"https://www.fnac.com/Objectif-Hybride-Canon-RF-70-200mm-f-2-8-L-IS-USM/a13915116/w-4";"Zoom - Canon fnac+ 5 ( 5 )";2849;"https://static.fnac-static.com/multimedia/Images/FR/MDM/a4/a6/c7/13084324/1545-1/tsp20210407191401/Objectif-Hybride-Canon-RF-70-200mm-f-2-8-L-IS-USM.jpg";"5";5
"Photo, Caméras, Tirages photo";"Appareil photo hybride Nikon Z 6II + objectif Z 24-200mm f/4-6,3 VR";"https://www.fnac.com/Appareil-photo-hybride-Nikon-Z-6II-objectif-Z-24-200mm-f-4-6-3-VR/a15213313/w-4";"Appareil photo hybride - Nikon 5 ( 1 )";2599;"https://static.fnac-static.com/multimedia/Images/FR/MDM/6b/07/f8/16254827/1545-1.jpg";"5";1
"Photo, Caméras, Tirages photo";"Appareil photo Hybride Nikon Z6II noir + Objectif Z 24-70mm f/4 S + Bague FTZ";"https://www.fnac.com/Appareil-photo-Hybride-Nikon-Z6II-noir-Objectif-Z-24-70mm-f-4-S-Bague-FTZ/a15196286/w-4";"Appareil photo hybride - Nikon 5 ( 2 )";2549;"https://static.fnac-static.com/multimedia/Images/FR/MDM/c6/0a/f0/15731398/1545-1/tsp20210519182026/Appareil-photo-Hybride-Nikon-Z6II-noir-Objectif-Z-24-70mm-f-4-S-Bague-FTZ.jpg";"5";2
"Photo, Caméras, Tirages photo";"Objectif hybride Canon RF 24-70 mm f/2.8 L IS USM";"https://www.fnac.com/Objectif-hybride-Canon-RF-24-70-mm-f-2-8-L-IS-USM/a13777921/w-4";"Zoom - Canon fnac+ 5 ( 3 )";2499;"https://static.fnac-static.com/multimedia/Images/FR/MDM/8b/8b/c0/12618635/1545-1/tsp20210519173151/Objectif-hybride-Canon-RF-24-70-mm-f-2-8-L-IS-USM.jpg";"5";3
"Photo, Caméras, Tirages photo";"Hybride Fujifilm X-T3 Argent + Objectif XF 18-55 mm";"https://www.fnac.com/Hybride-Fujifilm-X-T3-Argent-Objectif-XF-18-55-mm/a12817707/w-4";"Appareil photo hybride - Fuji 5 ( 12 ) 4 Labo Fnac";1200.78;"https://static.fnac-static.com/multimedia/Images/FR/MDM/da/c4/8d/9290970/1545-1/tsp20210606082325/Hybride-Fujifilm-X-T3-Argent-Objectif-XF-18-55-mm.jpg";"5";12
"Son, Casques, Enceintes";"Apple AirPods 2 avec boîtier de charge Ecouteurs sans fil True Wireless";"https://www.fnac.com/Apple-AirPods-2-avec-boitier-de-charge-Ecouteurs-sans-fil-True-Wireless/a10086709/w-4";"Ecouteurs - Apple fnac+ 4.5 ( 2350 ) 4 Labo Fnac";179;"https://static.fnac-static.com/multimedia/Images/FR/MDM/14/55/5d/6116628/1545-1/tsp20210603110421/Apple-AirPods-2-avec-boitier-de-charge-Ecouteurs-sans-fil-True-Wirele.jpg";"4.5";2350
"Son, Casques, Enceintes";"Apple Airpods Pro Blanc avec boîtier de charge Ecouteurs sans fil True Wireless";"https://www.fnac.com/Apple-Airpods-Pro-Blanc-avec-boitier-de-charge-Ecouteurs-sans-fil-True-Wireless/a10086711/w-4";"Ecouteurs - Apple fnac+ 4.5 ( 949 ) 5 Labo Fnac";279;"https://static.fnac-static.com/multimedia/Images/FR/MDM/15/55/5d/6116629/1545-1/tsp20210603110421/Apple-Airpods-Pro-Blanc-avec-boitier-de-charge-Ecouteurs-sans-fil-True-Wirele.jpg";"4.5";949
"Son, Casques, Enceintes";"Ecouteurs Apple EarPods avec connecteur Lightning Blanc";"https://www.fnac.com/Ecouteurs-Apple-EarPods-avec-connecteur-Lightning-Blanc/a10094750/w-4";"Ecouteurs - Apple fnac+ 4.5 ( 466 ) 4 Labo Fnac";19.99;"https://static.fnac-static.com/multimedia/Images/FR/NR/7b/76/7f/8353403/1545-1/tsp20160909172707/Ecouteurs-Apple-EarPods-avec-connecteur-Lightning.jpg";"4.5";466
"Son, Casques, Enceintes";"Enceinte sans fil Bluetooth JBL Flip Essential Gris";"https://www.fnac.com/Enceinte-sans-fil-Bluetooth-JBL-Flip-Essential-Gris/a13787410/w-4";"Enceinte sans fil - JBL 4.5 ( 96 ) 2 Labo Fnac";79.99;"https://static.fnac-static.com/multimedia/Images/FR/MDM/29/ca/c0/12634665/1545-1/tsp20210603180039/Enceinte-sans-fil-Bluetooth-JBL-Flip-Eential-Gris.jpg";"4.5";96
"Son, Casques, Enceintes";"Mini enceinte portable JBL Go 2 Bluetooth Noir";"https://www.fnac.com/Mini-enceinte-portable-JBL-Go-2-Bluetooth-Noir/a12518734/w-4";"Enceinte sans fil - JBL fnac+ 4.5 ( 247 ) 1 Labo Fnac";29.99;"https://static.fnac-static.com/multimedia/Images/FR/MDM/20/71/80/8417568/1545-1/tsp20210603182242/Mini-enceinte-portable-JBL-Go-2-Bluetooth-Noir.jpg";"4.5";247
"Son, Casques, Enceintes";"Casque à réduction de bruit JBL Live 650BTNC Bluetooth Noir";"https://www.fnac.com/Casque-a-reduction-de-bruit-JBL-Live-650BTNC-Bluetooth-Noir/a13478113/w-4";"Casque audio - JBL fnac+ 4.5 ( 52 ) 5 Labo Fnac";99.99;"https://static.fnac-static.com/multimedia/Images/FR/MDM/0f/38/af/11483151/1545-1/tsp20210520131305/Casque-a-reduction-de-bruit-JBL-Live-650BTNC-Bluetooth-Noir.jpg";"4.5";52
"Son, Casques, Enceintes";"Réveil connecté Lenovo Smart Clock 4" Noir avec Google Assistant";"https://www.fnac.com/Reveil-connecte-Lenovo-Smart-Clock-4-Noir-avec-Google-Assistant/a13844852/w-4";"Enceinte intelligente - Lenovo 4 ( 21 )";59.99;"https://static.fnac-static.com/multimedia/Images/FR/MDM/fc/42/c4/12862204/1545-1/tsp20210603180039/Reveil-connecte-Lenovo-Smart-Clock-4-Noir-avec-Google-Aistant.jpg";"4";21
"Son, Casques, Enceintes";"Enceinte portable Apple HomePod mini Gris sidéral";"https://www.fnac.com/Enceinte-portable-Apple-HomePod-mini-Gris-sideral/a15196311/w-4";"Enceinte sans fil - Apple fnac+ 4.5 ( 113 )";99.99;"https://static.fnac-static.com/multimedia/Images/FR/MDM/e8/0a/f0/15731432/1545-1/tsp20210603180709/Enceinte-portable-Apple-HomePod-mini-Gris-sideral.jpg";"4.5";113
"Son, Casques, Enceintes";"Ecouteurs sans fil True Wireless Jabra Elite 65T Titane";"https://www.fnac.com/Ecouteurs-sans-fil-True-Wireless-Jabra-Elite-65T-Titane/a11554652/w-4";"Ecouteurs - Jabra fnac+ 4 ( 148 ) 3 Labo Fnac";99.99;"https://static.fnac-static.com/multimedia/Images/FR/MDM/c0/14/75/7673024/1545-1/tsp20210607113916/Ecouteurs-sans-fil-True-Wirele-Jabra-Elite-65T-Titane.jpg";"4";148
"Son, Casques, Enceintes";"Casque Marshall Major III Blanc";"https://www.fnac.com/Casque-Marshall-Major-III-Blanc/a11845239/w-4";"Casque audio - Marshall fnac+ 4.5 ( 24 ) 2 Labo Fnac";39.99;"https://static.fnac-static.com/multimedia/Images/FR/MDM/6e/ac/78/7908462/1545-1/tsp20210520132737/Casque-Marshall-Major-III-Blanc.jpg";"4.5";24
"Son, Casques, Enceintes";"Google Nest Mini Assistant vocal Galet";"https://www.fnac.com/Google-Nest-Mini-Assistant-vocal-Galet/a13823225/w-4";"Enceinte intelligente - Google fnac+ 4.5 ( 291 )";39.99;"https://static.fnac-static.com/multimedia/Images/FR/MDM/e5/ac/c2/12758245/1545-1/tsp20210518180708/Google-Nest-Mini-Aistant-vocal-Galet.jpg";"4.5";291
"Son, Casques, Enceintes";"Ecouteurs Apple EarPods avec mini-jack 3.5 mm Blanc";"https://www.fnac.com/Ecouteurs-Apple-EarPods-avec-mini-jack-3-5-mm-Blanc/a13295913/w-4";"Ecouteurs - Apple fnac+ 4.5 ( 457 ) 4 Labo Fnac";19.91;"https://static.fnac-static.com/multimedia/Images/FR/NR/52/76/7f/8353362/1545-1/tsp20170316094627/Ecouteurs-Apple-EarPods-avec-mini-jack-3-5-mm.jpg";"4.5";457
"Son, Casques, Enceintes";"Apple Airpods Pro Blanc avec boîtier de charge Reconditionné Grade A+ Reborn";"https://www.fnac.com/Apple-Airpods-Pro-Blanc-avec-boitier-de-charge-Reconditionne-Grade-A-Reborn/a15732135/w-4";"Ecouteurs - Apple fnac+ 4.5 ( 25 )";199;"https://static.fnac-static.com/multimedia/Images/FR/MDM/75/38/f9/16332917/1545-1/tsp20210520132307/Apple-Airpods-Pro-Blanc-avec-boitier-de-charge-Reconditionne-Grade-A-Reborn.jpg";"4.5";25
"Son, Casques, Enceintes";"Enceinte portable Apple HomePod mini Blanc";"https://www.fnac.com/Enceinte-portable-Apple-HomePod-mini-Blanc/a15196310/w-4";"Enceinte sans fil - Apple fnac+ 4.5 ( 104 )";99.99;"https://static.fnac-static.com/multimedia/Images/FR/MDM/e7/0a/f0/15731431/1545-1/tsp20210603180709/Enceinte-portable-Apple-HomePod-mini-Blanc.jpg";"4.5";104
"Son, Casques, Enceintes";"Enceinte Portable Marshall Emberton Noir et Laiton";"https://www.fnac.com/Enceinte-Portable-Marshall-Emberton-Noir-et-Laiton/a15062485/w-4";"Enceinte sans fil - Marshall fnac+ 5 ( 24 ) 2 Labo Fnac";129.99;"https://static.fnac-static.com/multimedia/Images/FR/MDM/e5/77/eb/15431653/1545-1/tsp20210603180709/Enceinte-Portable-Marshall-Emberton-Noir-et-Laiton.jpg";"5";24
"Son, Casques, Enceintes";"Ecouteurs sans fil True Wireless Jabra Elite 65t Noir et Cuivre";"https://www.fnac.com/Ecouteurs-sans-fil-True-Wireless-Jabra-Elite-65t-Noir-et-Cuivre/a12540698/w-4";"Ecouteurs - Jabra fnac+ 4 ( 49 ) 3 Labo Fnac";99.99;"https://static.fnac-static.com/multimedia/Images/FR/MDM/62/7e/80/8420962/1545-1/tsp20210607181120/Ecouteurs-sans-fil-True-Wirele-Jabra-Elite-65t-Noir-et-Cuivre.jpg";"4";49
"Son, Casques, Enceintes";"Enceinte portable JBL Flip 5 étanche Noir";"https://www.fnac.com/Enceinte-portable-JBL-Flip-5-etanche-Noir/a13705651/w-4";"Enceinte sans fil - JBL fnac+ 4.5 ( 170 ) 3 Labo Fnac";129.99;"https://static.fnac-static.com/multimedia/Images/FR/MDM/28/aa/bc/12364328/1545-1/tsp20210603180039/Enceinte-portable-JBL-Flip-5-etanche-Noir.jpg";"4.5";170
"Son, Casques, Enceintes";"Enceinte sans fil portable étanche JBL GO 3 Noir";"https://www.fnac.com/Enceinte-sans-fil-portable-etanche-JBL-GO-3-Noir/a15115477/w-4";"Enceinte sans fil - JBL fnac+ 4.5 ( 20 ) 1 Labo Fnac";39.99;"https://static.fnac-static.com/multimedia/Images/FR/MDM/fb/7b/ed/15563771/1545-1/tsp20210603180709/Enceinte-sans-fil-portable-etanche-JBL-GO-3-Noir.jpg";"4.5";20
"Son, Casques, Enceintes";"Mini enceinte portable JBL Go 2 Bluetooth Champagne";"https://www.fnac.com/Mini-enceinte-portable-JBL-Go-2-Bluetooth-Champagne/a12518732/w-4";"Enceinte sans fil - JBL fnac+ 4.5 ( 222 ) 1 Labo Fnac";29.99;"https://static.fnac-static.com/multimedia/Images/FR/MDM/1e/71/80/8417566/1545-1/tsp20210603182242/Mini-enceinte-portable-JBL-Go-2-Bluetooth-Champagne.jpg";"4.5";222
"Son, Casques, Enceintes";"Enceinte sans fil Bluetooth et Wifi Sonos Roam Noir";"https://www.fnac.com/Enceinte-sans-fil-Bluetooth-et-Wifi-Sonos-Roam-Noir/a15780476/w-4";"Enceinte sans fil - Sonos 4.5 ( 15 )";179;"https://static.fnac-static.com/multimedia/Images/FR/MDM/85/2b/fc/16526213/1545-1/tsp20210603144426/Enceinte-sans-fil-Bluetooth-et-Wifi-Sonos-Roam-Noir.jpg";"4.5";15
"TV, Vidéo, Home cinema";"TV LG OLED55CX 4K UHD 55" Smart Noir 2020";"https://www.fnac.com/TV-LG-OLED55CX-4K-UHD-55-Smart-Noir-2020/a14208847/w-4";"OLED TV - LG 5 ( 91 ) 5 Labo Fnac";1399;"https://static.fnac-static.com/multimedia/Images/FR/MDM/fe/4e/d7/14110462/1545-1/tsp20210603153237/TV-LG-OLED55CX-4K-UHD-55-Smart-Noir-2020.jpg";"5";91
"TV, Vidéo, Home cinema";"TV LG OLED48C1 48" 4K UHD Smart TV Gris 2021";"https://www.fnac.com/TV-LG-OLED48C1-48-4K-UHD-Smart-TV-Gris-2021/a15777161/w-4";"OLED TV - LG 4.5 ( 3 ) 5 Labo Fnac";1299;"https://static.fnac-static.com/multimedia/Images/FR/MDM/87/1a/fc/16521863/1545-1/tsp20210603105542/TV-LG-OLED48C1-48-4K-UHD-Smart-TV-Gris-2021.jpg";"4.5";3
"TV, Vidéo, Home cinema";"TV LG OLED65G1 65" OLED Smart TV 2021 Noir";"https://www.fnac.com/TV-LG-OLED65G1-65-OLED-Smart-TV-2021-Noir/a15777173/w-4";"OLED TV - LG 5 ( 2 )";2499;"https://static.fnac-static.com/multimedia/Images/FR/MDM/a0/1a/fc/16521888/1545-1/tsp20210603105542/TV-LG-OLED65G1-65-OLED-Smart-TV-2021-Noir.jpg";"5";2
"TV, Vidéo, Home cinema";"Vidéoprojecteur Xiaomi Mi Smart Compact Gris + Blanc";"https://www.fnac.com/Videoprojecteur-Xiaomi-Mi-Smart-Compact-Gris-Blanc/a14022741/w-4";"Vidéoprojecteur - Xiaomi fnac+ 4.5 ( 117 )";499.99;"https://static.fnac-static.com/multimedia/Images/FR/MDM/d9/56/cf/13588185/1545-1/tsp20210603152940/Videoprojecteur-Xiaomi-Mi-Smart-Compact-Gris-Blanc.jpg";"4.5";117
"TV, Vidéo, Home cinema";"TV Sony KE55XH9096BAEP 55" 4K UHD Smart TV Noir";"https://www.fnac.com/TV-Sony-KE55XH9096BAEP-55-4K-UHD-Smart-TV-Noir/a15707055/w-4";"Téléviseur LCD 44” à 55” - Sony 4.5 ( 3 )";899;"https://static.fnac-static.com/multimedia/Images/FR/MDM/6f/e5/f8/16311663/1545-1/tsp20210603182502/TV-Sony-KE55XH9096BaeP-55-4K-UHD-Smart-TV-Noir.jpg";"4.5";3
"TV, Vidéo, Home cinema";"TV TCL 55C825 QLED 55" 4K UHD Smart Android TV Gris";"https://www.fnac.com/TV-TCL-55C825-QLED-55-4K-UHD-Smart-Android-TV-Gris/a15910521/w-4";"TV LED/LCD - Tcl";1099;"https://static.fnac-static.com/multimedia/Images/FR/MDM/ae/ba/fe/16693934/1545-1/tsp20210601130329/TV-TCL-55C825-QLED-55-4K-UHD-Smart-Android-TV-Gris.jpg";"";
"TV, Vidéo, Home cinema";"TV Samsung 65" QE65Q83A 4K UHD 2021 Argent éclipse";"https://www.fnac.com/TV-Samsung-65-QE65Q83A-4K-UHD-2021-Argent-eclipse/a15749520/w-4";"TV LED/LCD - Samsung 5 Labo Fnac";1499;"https://static.fnac-static.com/multimedia/Images/FR/MDM/4e/3e/f9/16334414/1545-1/tsp20210603103415/TV-Samsung-65-QE65Q83A-4K-UHD-2021-Argent-eclipse.jpg";"";
"TV, Vidéo, Home cinema";"TV LG OLED77C1 77" OLED Smart TV Argent";"https://www.fnac.com/TV-LG-OLED77C1-77-OLED-Smart-TV-Argent/a15777170/w-4";"OLED TV - LG";3799;"https://static.fnac-static.com/multimedia/Images/FR/MDM/99/1a/fc/16521881/1545-1/tsp20210603143425/TV-LG-OLED77C1-77-OLED-Smart-TV-Argent.jpg";"";
"TV, Vidéo, Home cinema";"TV LG OLED77CX 77" OLED 4K UHD Smart TV Noir 2020";"https://www.fnac.com/TV-LG-OLED77CX-77-OLED-4K-UHD-Smart-TV-Noir-2020/a14208845/w-4";"OLED TV - LG 5 ( 3 )";2999;"https://static.fnac-static.com/multimedia/Images/FR/MDM/fc/4e/d7/14110460/1545-1/tsp20210603153237/TV-LG-OLED77CX-77-OLED-4K-UHD-Smart-TV-Noir-2020.jpg";"5";3
"TV, Vidéo, Home cinema";"TV Sony Bravia KD65AG9BAEP 65" OLED 4K HDR Smart Android TV Noir";"https://www.fnac.com/TV-Sony-Bravia-KD65AG9BAEP-65-OLED-4K-HDR-Smart-Android-TV-Noir/a13443011/w-4";"OLED TV - Sony 5 ( 38 ) 5 Labo Fnac";2299;"https://static.fnac-static.com/multimedia/Images/FR/MDM/41/4b/ae/11422529/1545-1/tsp20210521173712/TV-Sony-Bravia-KD65AG9BaeP-65-OLED-4K-HDR-Smart-Android-TV-Noir.jpg";"5";38
"TV, Vidéo, Home cinema";"TV Philips The One 50PUS8545 50’’ LED 4K UHD Smart TV Ambilight Argent";"https://www.fnac.com/TV-Philips-The-One-50PUS8545-50-LED-4K-UHD-Smart-TV-Ambilight-Argent/a14500776/w-4";"TV LED/LCD - Philips 4.5 ( 58 ) 5 Labo Fnac";649.99;"https://static.fnac-static.com/multimedia/Images/FR/MDM/ef/3a/e2/14826223/1545-1/tsp20210606151452/TV-Philips-The-One-50PUS8545-50-LED-4K-UHD-Smart-TV-Ambilight-Argent.jpg";"4.5";58
"TV, Vidéo, Home cinema";"TV Sony Bravia KD55AG9BAEP 55" OLED 4K HDR Smart Android TV Noir";"https://www.fnac.com/TV-Sony-Bravia-KD55AG9BAEP-55-OLED-4K-HDR-Smart-Android-TV-Noir/a13443009/w-4";"OLED TV - Sony 4.5 ( 82 )";1799;"https://static.fnac-static.com/multimedia/Images/FR/MDM/44/4b/ae/11422532/1545-1/tsp20210521173712/TV-Sony-Bravia-KD55AG9BaeP-55-OLED-4K-HDR-Smart-Android-TV-Noir.jpg";"4.5";82
"TV, Vidéo, Home cinema";"TV Xiaomi Mi 4A 32" HD Android TV Noir";"https://www.fnac.com/TV-Xiaomi-Mi-4A-32-HD-Android-TV-Noir/a15071375/w-4";"TV LED/LCD - Xiaomi 4.5 ( 37 ) 1 Labo Fnac";199.99;"https://static.fnac-static.com/multimedia/Images/FR/MDM/bd/a5/eb/15443389/1545-1/tsp20210603153554/TV-Xiaomi-Mi-4A-32-HD-Android-TV-Noir.jpg";"4.5";37
"TV, Vidéo, Home cinema";"TV Philips The One 70PUS8545 70’’ LED 4K UHD Smart TV Ambilight Argent";"https://www.fnac.com/TV-Philips-The-One-70PUS8545-70-LED-4K-UHD-Smart-TV-Ambilight-Argent/a14500774/w-4";"TV LED/LCD - Philips 4.5 ( 22 ) 5 Labo Fnac";999;"https://static.fnac-static.com/multimedia/Images/FR/MDM/ed/3a/e2/14826221/1545-1/tsp20210603153237/TV-Philips-The-One-70PUS8545-70-LED-4K-UHD-Smart-TV-Ambilight-Argent.jpg";"4.5";22
"TV, Vidéo, Home cinema";"TV LG OLED55C1 4K UHD 55" Smart TV 2021 Gris";"https://www.fnac.com/TV-LG-OLED55C1-4K-UHD-55-Smart-TV-2021-Gris/a15777166/w-4";"OLED TV - LG 4.5 ( 7 )";1799;"https://static.fnac-static.com/multimedia/Images/FR/MDM/90/1a/fc/16521872/1545-1/tsp20210603143425/TV-LG-OLED55C1-4K-UHD-55-Smart-TV-2021-Gris.jpg";"4.5";7
"TV, Vidéo, Home cinema";"TV LG OLED65CX 4K UHD 65" Smart Noir 2020";"https://www.fnac.com/TV-LG-OLED65CX-4K-UHD-65-Smart-Noir-2020/a14208846/w-4";"OLED TV - LG 5 ( 36 ) 5 Labo Fnac";1999;"https://static.fnac-static.com/multimedia/Images/FR/MDM/fd/4e/d7/14110461/1545-1/tsp20210603153237/TV-LG-OLED65CX-4K-UHD-65-Smart-Noir-2020.jpg";"5";36
"TV, Vidéo, Home cinema";"TV Philips 55OLED855 55’’ OLED 4K UHD Smart TV Ambilight AI Argent";"https://www.fnac.com/TV-Philips-55OLED855-55-OLED-4K-UHD-Smart-TV-Ambilight-AI-Argent/a14500778/w-4";"OLED TV - Philips 5 ( 26 ) 5 Labo Fnac";1399;"https://static.fnac-static.com/multimedia/Images/FR/MDM/f1/3a/e2/14826225/1545-1/tsp20210603153237/TV-Philips-55OLED855-55-OLED-4K-UHD-Smart-TV-Ambilight-AI-Argent.jpg";"5";26
"TV, Vidéo, Home cinema";"TV Samsung The Frame 43" QLED QE43LS03A Noir 2021";"https://www.fnac.com/TV-Samsung-The-Frame-43-QLED-QE43LS03A-Noir-2021/a15749528/w-4";"TV LED/LCD - Samsung 4 ( 1 ) 5 Labo Fnac";899;"https://static.fnac-static.com/multimedia/Images/FR/MDM/56/3e/f9/16334422/1545-1/tsp20210527172705/TV-Samsung-The-Frame-43-QLED-QE43LS03A-Noir-2021.jpg";"4";1
"TV, Vidéo, Home cinema";"TV Samsung Crystal 43" LED 43AU7105 4K UHD Gris anthracite";"https://www.fnac.com/TV-Samsung-Crystal-43-LED-43AU7105-4K-UHD-Gris-anthracite/a15749512/w-4";"TV LED/LCD - Samsung 4.5 ( 14 )";499.99;"https://static.fnac-static.com/multimedia/Images/FR/MDM/46/3e/f9/16334406/1545-1/tsp20210603112552/TV-Samsung-Crystal-43-LED-43AU7105-4K-UHD-Gris-anthracite.jpg";"4.5";14
"TV, Vidéo, Home cinema";"TV SONY XR-77A80J 77" Bravia OLED Google TV Noir titane";"https://www.fnac.com/TV-SONY-XR-77A80J-77-Bravia-OLED-Google-TV-Noir-titane/a15761020/w-4";"OLED TV - Sony";3999;"https://static.fnac-static.com/multimedia/Images/FR/MDM/c3/90/fb/16486595/1545-1/tsp20210421130318/TV-SONY-XR-77A80J-77-Bravia-OLED-Google-TV-Noir-titane.jpg";"";
"Electroménager, Cuisine";"Aspirateur Robot Rowenta Explorer Série 80 RR7755WH Noir";"https://www.fnac.com/Aspirateur-Robot-Rowenta-Explorer-Serie-80-RR7755WH-Noir/a14186409/w-4";"Aspirateur robot - Rowenta fnac+ 5 ( 1 )";359.99;"https://static.fnac-static.com/multimedia/Images/FR/MDM/25/55/d6/14046501/1545-1/tsp20210322170912/Aspirateur-Robot-Rowenta-Explorer-Serie-80-RR7755WH-Noir.jpg";"5";1
"Electroménager, Cuisine";"Aspirateur avec sac UltraSilencer Electrolux EUSC66-CR 650 W Rouge";"https://www.fnac.com/Aspirateur-avec-sac-UltraSilencer-Electrolux-EUSC66-CR-650-W-Rouge/a13877789/w-4";"Aspirateur ou nettoyeur - Electrolux fnac+ 5 ( 4 )";149.99;"https://static.fnac-static.com/multimedia/Images/FR/MDM/6d/85/c5/12944749/1545-1/tsp20200113135031/Aspirateur-avec-sac-UltraSilencer-Electrolux-EUSC66-CR-650-W-Rouge.jpg";"5";4
"Electroménager, Cuisine";"Fer à repasser Rowenta SteamForce DW9230 2750 W Blanc et Rouge";"https://www.fnac.com/Fer-a-repasser-Rowenta-SteamForce-DW9230-2750-W-Blanc-et-Rouge/a15816978/w-4";"Fer a repasser - Rowenta fnac+ 5 ( 2 )";222.99;"https://static.fnac-static.com/multimedia/Images/FR/MDM/f6/b9/50/5290486/1545-1/tsp20210527030615/Fer-a-repaer-Rowenta-SteamForce-DW9230-2750-W-Blanc-et-Rouge.jpg";"5";2
"Electroménager, Cuisine";"Planche à plier le linge Garnier PAP25 Bleu";"https://www.fnac.com/Planche-a-plier-le-linge-Garnier-PAP25-Bleu/a14807174/w-4";"Soin du linge - Garnier fnac+ 5 ( 1 )";9.99;"https://static.fnac-static.com/multimedia/Images/FR/MDM/cd/79/e6/15104461/1545-1/tsp20200609115241/Planche-a-plier-le-linge-Garnier-PAP25-Bleu.jpg";"5";1
"Electroménager, Cuisine";"Aspirateur balai sans fil Electrolux ErgoRapido EER7Animal Rouge piment";"https://www.fnac.com/Aspirateur-balai-sans-fil-Electrolux-ErgoRapido-EER7Animal-Rouge-piment/a11101549/w-4";"Aspirateur balai - Electrolux fnac+ 5 ( 12 )";199.99;"https://static.fnac-static.com/multimedia/Images/FR/MDM/13/da/57/5757459/1545-1/tsp20210531210047/Aspirateur-balai-sans-fil-Electrolux-ErgoRapido-EER7Animal-Rouge-piment.jpg";"5";12
"Electroménager, Cuisine";"Ventilateur tour Dyson AM07 56 W Blanc";"https://www.fnac.com/Ventilateur-tour-Dyson-AM07-56-W-Blanc/a7009861/w-4";"Ventilateur - Dyson fnac+ 4.5 ( 55 )";299.99;"https://static.fnac-static.com/multimedia/Images/FR/NR/85/eb/58/5827461/1545-1/tsp20170512171218/Ventilateur-tour-Dyson-AM07-Blanc-Argent.jpg";"4.5";55
"Electroménager, Cuisine";"Purificateur chauffage et ventilateur de table Dyson Pure Hot+Cool Link Blanc";"https://www.fnac.com/Purificateur-chauffage-et-ventilateur-de-table-Dyson-Pure-Hot-Cool-Link-Blanc/a9987067/w-4";"Purificateur - Dyson fnac+ 4.5 ( 123 )";429.99;"https://static.fnac-static.com/multimedia/Images/FR/NR/81/32/7e/8270465/1545-1/tsp20160901170633/Purificateur-chauffage-et-ventilateur-de-table-Dyson-Pure-Hot-Cool-Link-Blanc.jpg";"4.5";123
"Electroménager, Cuisine";"Aspirateur robot Irobot Roomba I3 Noir et Gris";"https://www.fnac.com/Aspirateur-robot-Irobot-Roomba-I3-Noir-et-Gris/a15658824/w-4";"Aspirateur robot - Irobot fnac+ 4.5 ( 36 )";399;"https://static.fnac-static.com/multimedia/Images/FR/MDM/f9/7f/f7/16220153/1545-1/tsp20210526080914/Aspirateur-robot-Irobot-Roomba-I3-Noir-et-Gris.jpg";"4.5";36
"Electroménager, Cuisine";"Aspirateur sans sac Rowenta Silence Force Cyclonic RO7236EA 550 W Gris";"https://www.fnac.com/Aspirateur-sans-sac-Rowenta-Silence-Force-Cyclonic-RO7236EA-550-W-Gris/a14189058/w-4";"Aspirateur sans sac - Rowenta fnac+ 4.5 ( 15 )";139.99;"https://static.fnac-static.com/multimedia/Images/FR/MDM/48/60/d6/14049352/1545-1/tsp20210322170912/Aspirateur-sans-sac-Rowenta-Silence-Force-Cyclonic-RO7236EA-550-W-Gris.jpg";"4.5";15
"Electroménager, Cuisine";"Centrale vapeur Philips GC8950/30 2100 W Violet";"https://www.fnac.com/Centrale-vapeur-Philips-GC8950-30-2100-W-Violet/a12684261/w-4";"Centrale vapeur - Philips fnac+ 4.5 ( 7 )";199.99;"https://static.fnac-static.com/multimedia/Images/FR/MDM/14/39/83/8599828/1545-1/tsp20210531191023/Centrale-vapeur-Philips-GC8950-30-2100-W-Violet.jpg";"4.5";7
"Electroménager, Cuisine";"Aspirateur traîneau sans sac Electrolux PC91 Green 500 W Noir";"https://www.fnac.com/Aspirateur-traineau-sans-sac-Electrolux-PC91-Green-500-W-Noir/a13470890/w-4";"Aspirateur sans sac - Electrolux fnac+ 4.5 ( 11 )";199.99;"https://static.fnac-static.com/multimedia/Images/FR/MDM/0c/af/af/11513612/1545-1/tsp20200520085158/Aspirateur-traineau-sans-sac-Electrolux-PC91-Green-500-W-Noir.jpg";"4.5";11
"Electroménager, Cuisine";"Nettoyeur vapeur Rowenta Clean & Steam RY7597WH 1700 W Blanc et Bleu";"https://www.fnac.com/Nettoyeur-vapeur-Rowenta-Clean-et-Steam-RY7597WH-1700-W-Blanc-et-Bleu/a15620641/w-4";"Nettoyeur vapeur - Rowenta fnac+ 4 ( 1 )";179.99;"https://static.fnac-static.com/multimedia/Images/FR/MDM/4a/05/ce/13501770/1545-1.jpg";"4";1
"Electroménager, Cuisine";"Aspirateur avec sac Electrolux Silent Performer ESP74GREEN 500 W Noir";"https://www.fnac.com/Aspirateur-avec-sac-Electrolux-Silent-Performer-ESP74GREEN-500-W-Noir/a12691863/w-4";"Aspirateur avec sac - Electrolux fnac+ 4.5 ( 3 )";149.99;"https://static.fnac-static.com/multimedia/Images/FR/MDM/d7/05/85/8717783/1545-1/tsp20201026135200/Aspirateur-avec-sac-Electrolux-Silent-Performer-ESP74GREEN-500-W-Noir.jpg";"4.5";3
"Electroménager, Cuisine";"Aspirateur traîneau sans sac Proline Vcblone 800 W Noir et Violet";"https://www.fnac.com/Aspirateur-traineau-sans-sac-Proline-Vcblone-800-W-Noir-et-Violet/a12974757/w-4";"Aspirateur sans sac - Proline fnac+ 4 ( 24 )";29.99;"https://static.fnac-static.com/multimedia/Images/FR/MDM/0b/0c/85/8719371/1545-1/tsp20210531191023/Aspirateur-traineau-sans-sac-Proline-Vcblone-800-W-Noir-et-Violet.jpg";"4";24
"Electroménager, Cuisine";"Fer à repasser Philips DST6002/30 Série 6000 2400 W Violet";"https://www.fnac.com/Fer-a-repasser-Philips-DST6002-30-Serie-6000-2400-W-Violet/a14651896/w-4";"Soin du linge - Philips fnac+ 4 ( 1 )";34.99;"https://static.fnac-static.com/multimedia/Images/FR/MDM/12/da/e2/14866962/1545-1/tsp20200604171314/Fer-a-repaer-Philips-DST6002-30-Serie-6000-2400-W-Violet.jpg";"4";1
"Electroménager, Cuisine";"Défroisseur SteamOne SN250MG 2000 W Gris et Argent";"https://www.fnac.com/Defroisseur-SteamOne-SN250MG-2000-W-Gris-et-Argent/a14964077/w-4";"Défroisseur - Steamone fnac+ 4 ( 9 )";69.99;"https://static.fnac-static.com/multimedia/Images/FR/MDM/42/45/e9/15287618/1545-1/tsp20201124151903/Defroieur-SteamOne-SN250MG-2000-W-Gris-et-Argent.jpg";"4";9
"Electroménager, Cuisine";"Fer à repasser Proline PI22 1300 W Bleu et Blanc";"https://www.fnac.com/Fer-a-repasser-Proline-PI22-1300-W-Bleu-et-Blanc/a12690164/w-4";"Fer a repasser - Proline fnac+ 4.5 ( 11 )";9.99;"https://static.fnac-static.com/multimedia/Images/FR/MDM/89/57/56/5658505/1545-1/tsp20200520024722/Fer-a-repaer-Proline-PI22-1300-W-Bleu-et-Blanc.jpg";"4.5";11
"Electroménager, Cuisine";"Aspirateur balai sans fil Shark IZ201EU 25,2 V Orange";"https://www.fnac.com/Aspirateur-balai-sans-fil-Shark-IZ201EU-25-2-V-Orange/a15850512/w-4";"Aspirateur balai - Shark fnac+ 4 ( 2 )";349.99;"https://static.fnac-static.com/multimedia/Images/3E/3E/A2/F2/15901246-1505-1545-1/tsp20210408130905/Aspirateur-balai-sans-fil-Shark-IZ201EU-25-2-V-Orange.jpg";"4";2
"Electroménager, Cuisine";"Centre de repassage Laurastar Go 1800 W Blanc et Rouge";"https://www.fnac.com/Centre-de-repassage-Laurastar-Go-1800-W-Blanc-et-Rouge/a12693390/w-4";"Centre de repassage - Laurastar fnac+ 4.5 ( 3 )";579.99;"https://static.fnac-static.com/multimedia/Images/AE/AE/A4/51/5350574-1505-1545-1/tsp20210607111852/Centre-de-repaage-Laurastar-Go-1800-W-Blanc-et-Rouge.jpg";"4.5";3
"Electroménager, Cuisine";"Fer à repasser Calor Easygliss Edition Limitée 2400 W Or";"https://www.fnac.com/Fer-a-repasser-Calor-Easygliss-Edition-Limitee-2400-W-Or/a13664238/w-4";"Fer a repasser - Calor fnac+ 3 ( 1 )";34.99;"https://static.fnac-static.com/multimedia/Images/FR/MDM/6d/40/ba/12206189/1545-1/tsp20210112130608/Fer-a-repaer-Calor-Easygli-Edition-Limitee-2400-W-Or.jpg";"3";1
"Beauté, Santé, Forme";"Brosse à dents électrique Oral B iO Series 9s Rose";"https://www.fnac.com/Brosse-a-dents-electrique-Oral-B-iO-Series-9s-Rose/a14959564/w-4";"Brosse à dents electrique - Oral B fnac+ 5 ( 1 )";295.99;"https://static.fnac-static.com/multimedia/Images/FR/MDM/95/f3/e8/15266709/1545-1/tsp20210318130617/Broe-a-dents-electrique-Oral-B-iO-Series-9s-Rose.jpg";"5";1
"Beauté, Santé, Forme";"Brosse à dents électrique Oral-B Vitality 100 Cross Action Blanc";"https://www.fnac.com/Brosse-a-dents-electrique-Oral-B-Vitality-100-Cross-Action-Blanc/a14159270/w-4";"Brosse à dents electrique - Oral B fnac+ 5 ( 8 )";24.99;"https://static.fnac-static.com/multimedia/Images/4C/4C/2F/A2/10628940-1505-1545-1/tsp20210506151316/Broe-a-dents-electrique-Oral-B-Vitality-100-Cro-Action-Blanc.jpg";"5";8
"Beauté, Santé, Forme";"Brosse à dents électrique Oral B Pro 670 Cross Action Blanc et Bleu";"https://www.fnac.com/Brosse-a-dents-electrique-Oral-B-Pro-670-Cross-Action-Blanc-et-Bleu/a9662773/w-4";"Brosse à dents electrique - Oral B fnac+ 5 ( 49 )";29.99;"https://static.fnac-static.com/multimedia/Images/FR/NR/dd/df/79/7987165/1545-1/tsp20160506112756/Brosse-a-dents-electrique-Oral-B-Pro-670-Cross-Action-2-brossettes.jpg";"5";49
"Beauté, Santé, Forme";"Brosse à dents électrique Oral B Pro 2 2700 Blanc";"https://www.fnac.com/Brosse-a-dents-electrique-Oral-B-Pro-2-2700-Blanc/a14939689/w-4";"Brosse à dents electrique - Oral B fnac+ 5 ( 17 )";61.99;"https://static.fnac-static.com/multimedia/Images/FR/MDM/d2/30/d6/14037202/1545-1/tsp20210318130617/Broe-a-dents-electrique-Oral-B-Pro-2-2700-Blanc.jpg";"5";17
"Beauté, Santé, Forme";"Brosse à dents électrique Oral-B Vitality 100 Cross Action Noir et Blanc";"https://www.fnac.com/Brosse-a-dents-electrique-Oral-B-Vitality-100-Cross-Action-Noir-et-Blanc/a14159269/w-4";"Brosse à dents electrique - Oral B fnac+ 5 ( 2 )";27.99;"https://static.fnac-static.com/multimedia/Images/8F/8F/56/9F/10442383-1505-1545-1/tsp20210603183714/Broe-a-dents-electrique-Oral-B-Vitality-100-Cro-Action-Noir-et-Blanc.jpg";"5";2
"Beauté, Santé, Forme";"Brosse à dents électrique Oral B Pro 2 2000N Crossaction Bleu et Blanc";"https://www.fnac.com/Brosse-a-dents-electrique-Oral-B-Pro-2-2000N-Crossaction-Bleu-et-Blanc/a14154220/w-4";"Brosse à dents electrique - Oral B fnac+ 5 ( 2 )";87.99;"https://static.fnac-static.com/multimedia/Images/FR/MDM/75/9a/66/6724213/1545-1.jpg";"5";2
"Beauté, Santé, Forme";"Brosse à dents électrique Oral B Smart Junior Blanc";"https://www.fnac.com/Brosse-a-dents-electrique-Oral-B-Smart-Junior-Blanc/a13744337/w-4";"Brosse à dents electrique - Oral B fnac+ 5 ( 1 )";64.99;"https://static.fnac-static.com/multimedia/Images/FR/MDM/57/ac/bd/12430423/1545-1/tsp20210318130617/Broe-a-dents-electrique-Oral-B-Smart-Junior-Blanc.jpg";"5";1
"Beauté, Santé, Forme";"Brosse à dents électrique Oral B Genius Serie 8100 S Silver";"https://www.fnac.com/Brosse-a-dents-electrique-Oral-B-Genius-Serie-8100-S-Silver/a13732308/w-4";"Brosse à dents electrique - Oral B 5 ( 1 )";119.99;"https://static.fnac-static.com/multimedia/Images/FR/MDM/26/5a/bd/12409382/1545-1/tsp20210318130617/Broe-a-dents-electrique-Oral-B-Genius-Serie-8100-S-Silver.jpg";"5";1
"Beauté, Santé, Forme";"Brosse à dents électrique Philips HX9691/02 Blanc";"https://www.fnac.com/Brosse-a-dents-electrique-Philips-HX9691-02-Blanc/a13694582/w-4";"Brosse à dents electrique - Philips fnac+ 5 ( 1 )";176.99;"https://static.fnac-static.com/multimedia/Images/FR/MDM/8c/73/c8/13136780/1545-1/tsp20210318130617/Broe-a-dents-electrique-Philips-HX9691-02-Blanc.jpg";"5";1
"Beauté, Santé, Forme";"Brosse à dents électrique Oral B Vitality CrossAction Blanc et Bleu";"https://www.fnac.com/Brosse-a-dents-electrique-Oral-B-Vitality-CrossAction-Blanc-et-Bleu/a13137013/w-4";"Brosse à dents electrique - Oral B 5 ( 15 )";43.78;"https://static.fnac-static.com/multimedia/Images/0E/0E/9A/85/8755726-1505-1545-1/tsp20210501131204/Broe-a-dents-electrique-Oral-B-Vitality-CroAction-Blanc-et-Bleu.jpg";"5";15
"Beauté, Santé, Forme";"Foreo Issa Mikro Sunflower Yellow";"https://www.fnac.com/Foreo-Issa-Mikro-Sunflower-Yellow/a12749324/w-4";"Brosse à dents electrique - Foreo 5 ( 1 )";59;"https://static.fnac-static.com/multimedia/Images/7E/7E/4A/55/5589630-1505-1545-1/tsp20210607082228/Foreo-Ia-Mikro-Sunflower-Yellow.jpg";"5";1
"Beauté, Santé, Forme";"Brosse à dents électrique rechargeable Philips Sonicare HX6856/17 ProtectiveClean 5100";"https://www.fnac.com/Brosse-a-dents-electrique-rechargeable-Philips-Sonicare-HX6856-17-ProtectiveClean-5100/a12670160/w-4";"Brosse à dents electrique - Philips 5 ( 1 )";92.95;"https://static.fnac-static.com/multimedia/Images/EF/EF/61/7B/8085999-1505-1545-1/tsp20210603112746/Broe-a-dents-electrique-rechargeable-Philips-Sonicare-HX6856-17-ProtectiveClean-5100.jpg";"5";1
"Beauté, Santé, Forme";"Brosse à dents électrique Philips Sonicare DiamondClean Smart Bleu";"https://www.fnac.com/Brosse-a-dents-electrique-Philips-Sonicare-DiamondClean-Smart-Bleu/a10990588/w-4";"Brosse à dents electrique - Philips fnac+ 5 ( 1 )";279.99;"https://static.fnac-static.com/multimedia/Images/FR/MDM/33/95/4e/5150003/1545-1/tsp20210511072019/Broe-a-dents-electrique-Philips-Sonicare-DiamondClean-Smart-Bleu.jpg";"5";1
"Beauté, Santé, Forme";"Brosse à dents électrique Philips Diamond Clean HX9352/04";"https://www.fnac.com/Brosse-a-dents-electrique-Philips-Diamond-Clean-HX9352-04/a10596460/w-4";"Brosse à dents electrique - Philips 5 ( 1 )";200.31;"https://static.fnac-static.com/multimedia/Images/FR/NR/0a/fb/85/8780554/1545-1/tsp20170529141734/Broe-a-dents-electrique-Philips-Diamond-Clean-HX9352-04.jpg";"5";1
"Beauté, Santé, Forme";"Brosse à dents électrique Oral B Teen Blanc";"https://www.fnac.com/Brosse-a-dents-electrique-Oral-B-Teen-Blanc/a13292058/w-4";"Brosse à dents electrique - Oral B fnac+ 5 ( 6 )";64.99;"https://static.fnac-static.com/multimedia/Images/FR/MDM/2b/8c/4e/5147691/1545-1/tsp20210602171205/Broe-a-dents-electrique-Oral-B-Teen-Blanc.jpg";"5";6
"Beauté, Santé, Forme";"Brosse à dents électrique de poche Panasonic EW-DS90-R503 Rouge";"https://www.fnac.com/Brosse-a-dents-electrique-de-poche-Panasonic-EW-DS90-R503-Rouge/a10132859/w-4";"Brosse à dents electrique - Panasonic 5 ( 1 )";28.86;"https://static.fnac-static.com/multimedia/Images/FR/NR/e3/68/7e/8284387/1545-1/tsp20160808122339/Brosse-a-dents-electrique-de-poche-Panasonic-EW-DS90-R503-Rouge.jpg";"5";1
"Beauté, Santé, Forme";"Lot de 8 Brossettes de rechange Oral-B CrossAction";"https://www.fnac.com/Lot-de-8-Brossettes-de-rechange-Oral-B-CrossAction/a7771650/w-4";"Brosse à dents electrique - Oral B 5 ( 3 )";51.68;"https://static.fnac-static.com/multimedia/Images/FR/NR/23/a3/60/6333219/1545-1/tsp20141113154604/Lot-de-8-Broettes-de-rechange-Oral-B-CroAction.jpg";"5";3
"Beauté, Santé, Forme";"Brosse à dents électrique rechargeable Oral-B Pro 6000 Smart Series";"https://www.fnac.com/Brosse-a-dents-electrique-rechargeable-Oral-B-Pro-6000-Smart-Series/a7771625/w-4";"Brosse à dents electrique - Oral B 5 ( 79 )";228.95;"https://static.fnac-static.com/multimedia/Images/FR/NR/08/a3/60/6333192/1545-1/tsp20141113154604/Broe-a-dents-electrique-rechargeable-Oral-B-Pro-6000-Smart-Series.jpg";"5";79
"Beauté, Santé, Forme";"Brosse à dents électrique rechargeable Oral B Professional Care 600 Floss Action";"https://www.fnac.com/Brosse-a-dents-electrique-rechargeable-Oral-B-Professional-Care-600-Floss-Action/a6537304/w-4";"Brosse à dents electrique - Oral B 5 ( 2 )";48.95;"https://static.fnac-static.com/multimedia/Images/FR/NR/19/6e/54/5533209/1545-1/tsp20131025170055/Broe-a-dents-electrique-rechargeable-Oral-B-Profeional-Care-600-Flo-Action.jpg";"5";2
"Beauté, Santé, Forme";"Brosse à dents électrique Xiaomi Mijia T100, 16500 rpm IPX7 2 Vitesses Sonique, 83mm -Blanc";"https://www.fnac.com/mp44479594/Brosse-a-dents-electrique-Xiaomi-Mijia-T100-16500-rpm-IPX7-2-Vitesses-Sonique-83mm-Blanc/w-4";"Brosse à dents electrique 5 ( 4 )";18.46;"https://static.fnac-static.com/multimedia/Images/82/82/BD/F7/16235906-1505-1539-1/tsp20210122185343/Broe-a-dents-electrique-Xiaomi-Mijia-T100-16500-rpm-IPX7-2-Vitees-Sonique-83mm-Blanc.jpg
